sku,level,final_title_en
L3-CIE0580-U1,L3,CIE 0580 U1 Number Unit
L3-CIE0580-U2,L3,CIE 0580 U2 Algebra & Graphs Unit
L3-CIE0580-U3,L3,CIE 0580 U3 Coord Geometry Unit
L3-CIE0580-U4,L3,CIE 0580 U4 Geometry Unit
L3-CIE0580-U5,L3,CIE 0580 U5 Mensuration Unit
L3-CIE0580-U6,L3,CIE 0580 U6 Trigonometry Unit
L3-CIE0580-U7,L3,CIE 0580 U7 Transforms & Vectors Unit
L3-CIE0580-U8,L3,CIE 0580 U8 Probability Unit
L3-CIE0580-U9,L3,CIE 0580 U9 Statistics Unit
L3-EDX4MA1-U1,L3,Edexcel 4MA1 U1 Number & Arithmetic Unit
L3-EDX4MA1-U2,L3,"Edexcel 4MA1 U2 Equations, Formulae & Identities Unit"
L3-EDX4MA1-U3,L3,"Edexcel 4MA1 U3 Functions, Sequences & Graphs Unit"
L3-EDX4MA1-U4,L3,Edexcel 4MA1 U4 Geometry & Mensuration Unit
L3-EDX4MA1-U5,L3,Edexcel 4MA1 U5 Vectors & Transforms Unit
L3-EDX4MA1-U6,L3,Edexcel 4MA1 U6 Stats & Prob Unit
L4-CIE0580-ALLUNITS,L4,CIE 0580 All-Units Bundle
L4-EDX4MA1-ALLUNITS,L4,Edexcel 4MA1 All-Units Bundle
L2-CIE0580-C1,L2,CIE 0580 C1 Number (Core) Sec Bundle
L2-CIE0580-C2,L2,CIE 0580 C2 Algebra & Graphs (Core) Sec Bundle
L2-CIE0580-C3,L2,CIE 0580 C3 Coord Geometry (Core) Sec Bundle
L2-CIE0580-C4,L2,CIE 0580 C4 Geometry (Core) Sec Bundle
L2-CIE0580-C5,L2,CIE 0580 C5 Mensuration (Core) Sec Bundle
L2-CIE0580-C6,L2,CIE 0580 C6 Trigonometry (Core) Sec Bundle
L2-CIE0580-C7,L2,CIE 0580 C7 Transforms & Vectors (Core) Sec Bundle
L2-CIE0580-C8,L2,CIE 0580 C8 Probability (Core) Sec Bundle
L2-CIE0580-C9,L2,CIE 0580 C9 Statistics (Core) Sec Bundle
L2-CIE0580-E1,L2,CIE 0580 E1 Number (Extended) Sec Bundle
L2-CIE0580-E2,L2,CIE 0580 E2 Algebra & Graphs (Extended) Sec Bundle
L2-CIE0580-E3,L2,CIE 0580 E3 Coord Geometry (Extended) Sec Bundle
L2-CIE0580-E4,L2,CIE 0580 E4 Geometry (Extended) Sec Bundle
L2-CIE0580-E5,L2,CIE 0580 E5 Mensuration (Extended) Sec Bundle
L2-CIE0580-E6,L2,CIE 0580 E6 Trigonometry (Extended) Sec Bundle
L2-CIE0580-E7,L2,CIE 0580 E7 Transforms & Vectors (Extended) Sec Bundle
L2-CIE0580-E8,L2,CIE 0580 E8 Probability (Extended) Sec Bundle
L2-CIE0580-E9,L2,CIE 0580 E9 Statistics (Extended) Sec Bundle
L2-EDX4MA1-F1,L2,Edexcel 4MA1 F1 Number & Arithmetic (Foundation) Sec Bundle
L2-EDX4MA1-F2,L2,"4MA1 F2 Equations, Formulae & Identities (Fdn) Sec Bundle"
L2-EDX4MA1-F3,L2,"4MA1 F3 Functions, Sequences & Graphs (Fdn) Sec Bundle"
L2-EDX4MA1-F4,L2,4MA1 F4 Geometry & Mensuration (Fdn) Sec Bundle
L2-EDX4MA1-F5,L2,Edexcel 4MA1 F5 Vectors & Transforms (Foundation) Sec Bundle
L2-EDX4MA1-F6,L2,Edexcel 4MA1 F6 Stats & Prob (Foundation) Sec Bundle
L2-EDX4MA1-H1,L2,Edexcel 4MA1 H1 Number & Arithmetic (Higher) Sec Bundle
L2-EDX4MA1-H2,L2,"4MA1 H2 Equations, Formulae & Identities (H) Sec Bundle"
L2-EDX4MA1-H3,L2,"4MA1 H3 Functions, Sequences & Graphs (H) Sec Bundle"
L2-EDX4MA1-H4,L2,Edexcel 4MA1 H4 Geometry & Mensuration (Higher) Sec Bundle
L2-EDX4MA1-H5,L2,Edexcel 4MA1 H5 Vectors & Transforms (Higher) Sec Bundle
L2-EDX4MA1-H6,L2,Edexcel 4MA1 H6 Stats & Prob (Higher) Sec Bundle
L1-CIE0580-C1-01,L1,CIE 0580 C1-01 Types Of Number (Core)
L1-CIE0580-C1-02,L1,CIE 0580 C1-02 Sets (Core)
L1-CIE0580-C1-03,L1,CIE 0580 C1-03 Powers & Roots (Core)
L1-CIE0580-C1-04,L1,CIE 0580 C1-04 FDP (Core)
L1-CIE0580-C1-05,L1,CIE 0580 C1-05 Ordering (Core)
L1-CIE0580-C1-06,L1,CIE 0580 C1-06 Four Operations (Core)
L1-CIE0580-C1-07,L1,CIE 0580 C1-07 Indices I (Core)
L1-CIE0580-C1-08,L1,CIE 0580 C1-08 Standard Form (Core)
L1-CIE0580-C1-09,L1,CIE 0580 C1-09 Estimation & Approximation (Core)
L1-CIE0580-C1-10,L1,CIE 0580 C1-10 Limits Of Accuracy (Core)
L1-CIE0580-C1-11,L1,CIE 0580 C1-11 Ratio & Proportion (Core)
L1-CIE0580-C1-12,L1,CIE 0580 C1-12 Rates (Core)
L1-CIE0580-C1-13,L1,CIE 0580 C1-13 Percentages (Core)
L1-CIE0580-C1-14,L1,CIE 0580 C1-14 Calculator Use (Core)
L1-CIE0580-C1-15,L1,CIE 0580 C1-15 Time (Core)
L1-CIE0580-C1-16,L1,CIE 0580 C1-16 Money (Core)
L1-CIE0580-C2-01,L1,CIE 0580 C2-01 Introduction To Algebra (Core)
L1-CIE0580-C2-02,L1,CIE 0580 C2-02 Algebraic Manipulation (Core)
L1-CIE0580-C2-04,L1,CIE 0580 C2-04 Indices Ii (Core)
L1-CIE0580-C2-05,L1,CIE 0580 C2-05 Equations (Core)
L1-CIE0580-C2-06,L1,CIE 0580 C2-06 Inequalities (Core)
L1-CIE0580-C2-07,L1,CIE 0580 C2-07 Sequences (Core)
L1-CIE0580-C2-09,L1,CIE 0580 C2-09 Graphs In Practical Situations (Core)
L1-CIE0580-C2-10,L1,CIE 0580 C2-10 Graphs Of Functions (Core)
L1-CIE0580-C2-11,L1,CIE 0580 C2-11 Sketching Curves (Core)
L1-CIE0580-C3-01,L1,CIE 0580 C3-01 Coordinates (Core)
L1-CIE0580-C3-02,L1,CIE 0580 C3-02 Drawing Linear Graphs (Core)
L1-CIE0580-C3-03,L1,CIE 0580 C3-03 Gradient Of Linear Graphs (Core)
L1-CIE0580-C3-05,L1,CIE 0580 C3-05 Equations Of Linear Graphs (Core)
L1-CIE0580-C3-06,L1,CIE 0580 C3-06 Parallel Lines (Core)
L1-CIE0580-C4-01,L1,CIE 0580 C4-01 Geo Terms (Core)
L1-CIE0580-C4-02,L1,CIE 0580 C4-02 Geo Constructions (Core)
L1-CIE0580-C4-03,L1,CIE 0580 C4-03 Scale Drawings (Core)
L1-CIE0580-C4-04,L1,CIE 0580 C4-04 Similarity (Core)
L1-CIE0580-C4-05,L1,CIE 0580 C4-05 Symmetry (Core)
L1-CIE0580-C4-06,L1,CIE 0580 C4-06 Angles (Core)
L1-CIE0580-C4-07,L1,CIE 0580 C4-07 Circle Theorems (Core)
L1-CIE0580-C5-01,L1,CIE 0580 C5-01 Units Of Measure (Core)
L1-CIE0580-C5-02,L1,CIE 0580 C5-02 Area & Perimeter (Core)
L1-CIE0580-C5-03,L1,CIE 0580 C5-03 Circles Arcs & Sectors (Core)
L1-CIE0580-C5-04,L1,CIE 0580 C5-04 Surface Area & Volume (Core)
L1-CIE0580-C5-05,L1,CIE 0580 C5-05 Compound Shapes (Core)
L1-CIE0580-C6-01,L1,CIE 0580 C6-01 Pythagoras (Core)
L1-CIE0580-C6-02,L1,CIE 0580 C6-02 Right Angled Triangles (Core)
L1-CIE0580-C7-01,L1,CIE 0580 C7-01 Transformations (Core)
L1-CIE0580-C8-01,L1,CIE 0580 C8-01 Introduction To Probability (Core)
L1-CIE0580-C8-02,L1,CIE 0580 C8-02 Rel & Exp Freq (Core)
L1-CIE0580-C8-03,L1,CIE 0580 C8-03 Probability Of Combined Events (Core)
L1-CIE0580-C9-01,L1,CIE 0580 C9-01 Classifying Statistical Data (Core)
L1-CIE0580-C9-02,L1,CIE 0580 C9-02 Interpreting Statistical Data (Core)
L1-CIE0580-C9-03,L1,CIE 0580 C9-03 Averages & Range (Core)
L1-CIE0580-C9-04,L1,CIE 0580 C9-04 Statistical Charts & Diagrams (Core)
L1-CIE0580-E1-01,L1,CIE 0580 E1-01 Types Of Number (Extended)
L1-CIE0580-E1-02,L1,CIE 0580 E1-02 Sets (Extended)
L1-CIE0580-E1-03,L1,CIE 0580 E1-03 Powers & Roots (Extended)
L1-CIE0580-E1-04,L1,CIE 0580 E1-04 FDP (Extended)
L1-CIE0580-E1-05,L1,CIE 0580 E1-05 Ordering (Extended)
L1-CIE0580-E1-06,L1,CIE 0580 E1-06 Four Operations (Extended)
L1-CIE0580-E1-07,L1,CIE 0580 E1-07 Indices I (Extended)
L1-CIE0580-E1-08,L1,CIE 0580 E1-08 Standard Form (Extended)
L1-CIE0580-E1-09,L1,CIE 0580 E1-09 Estimation & Approximation (Extended)
L1-CIE0580-E1-10,L1,CIE 0580 E1-10 Limits Of Accuracy (Extended)
L1-CIE0580-E1-11,L1,CIE 0580 E1-11 Ratio & Proportion (Extended)
L1-CIE0580-E1-12,L1,CIE 0580 E1-12 Rates (Extended)
L1-CIE0580-E1-13,L1,CIE 0580 E1-13 Percentages (Extended)
L1-CIE0580-E1-14,L1,CIE 0580 E1-14 Calculator Use (Extended)
L1-CIE0580-E1-15,L1,CIE 0580 E1-15 Time (Extended)
L1-CIE0580-E1-16,L1,CIE 0580 E1-16 Money (Extended)
L1-CIE0580-E1-17,L1,CIE 0580 E1-17 Exp Growth/Decay (Extended)
L1-CIE0580-E1-18,L1,CIE 0580 E1-18 Surds (Extended)
L1-CIE0580-E2-01,L1,CIE 0580 E2-01 Introduction To Algebra (Extended)
L1-CIE0580-E2-02,L1,CIE 0580 E2-02 Algebraic Manipulation (Extended)
L1-CIE0580-E2-03,L1,CIE 0580 E2-03 Algebraic Fractions (Extended)
L1-CIE0580-E2-04,L1,CIE 0580 E2-04 Indices Ii (Extended)
L1-CIE0580-E2-05,L1,CIE 0580 E2-05 Equations (Extended)
L1-CIE0580-E2-06,L1,CIE 0580 E2-06 Inequalities (Extended)
L1-CIE0580-E2-07,L1,CIE 0580 E2-07 Sequences (Extended)
L1-CIE0580-E2-08,L1,CIE 0580 E2-08 Proportion (Extended)
L1-CIE0580-E2-09,L1,CIE 0580 E2-09 Graphs In Practical Situations (Extended)
L1-CIE0580-E2-10,L1,CIE 0580 E2-10 Graphs Of Functions (Extended)
L1-CIE0580-E2-11,L1,CIE 0580 E2-11 Sketching Curves (Extended)
L1-CIE0580-E2-12,L1,CIE 0580 E2-12 Differentiation (Extended)
L1-CIE0580-E2-13,L1,CIE 0580 E2-13 Functions (Extended)
L1-CIE0580-E3-01,L1,CIE 0580 E3-01 Coordinates (Extended)
L1-CIE0580-E3-02,L1,CIE 0580 E3-02 Drawing Linear Graphs (Extended)
L1-CIE0580-E3-03,L1,CIE 0580 E3-03 Gradient Of Linear Graphs (Extended)
L1-CIE0580-E3-04,L1,CIE 0580 E3-04 Length & Midpoint (Extended)
L1-CIE0580-E3-05,L1,CIE 0580 E3-05 Equations Of Linear Graphs (Extended)
L1-CIE0580-E3-06,L1,CIE 0580 E3-06 Parallel Lines (Extended)
L1-CIE0580-E3-07,L1,CIE 0580 E3-07 Perpendicular Lines (Extended)
L1-CIE0580-E4-01,L1,CIE 0580 E4-01 Geo Terms (Extended)
L1-CIE0580-E4-02,L1,CIE 0580 E4-02 Geo Constructions (Extended)
L1-CIE0580-E4-03,L1,CIE 0580 E4-03 Scale Drawings (Extended)
L1-CIE0580-E4-04,L1,CIE 0580 E4-04 Similarity (Extended)
L1-CIE0580-E4-05,L1,CIE 0580 E4-05 Symmetry (Extended)
L1-CIE0580-E4-06,L1,CIE 0580 E4-06 Angles (Extended)
L1-CIE0580-E4-07,L1,CIE 0580 E4-07 Circle Theorems I (Extended)
L1-CIE0580-E4-08,L1,CIE 0580 E4-08 Circle Theorems Ii (Extended)
L1-CIE0580-E5-01,L1,CIE 0580 E5-01 Units Of Measure (Extended)
L1-CIE0580-E5-02,L1,CIE 0580 E5-02 Area & Perimeter (Extended)
L1-CIE0580-E5-03,L1,CIE 0580 E5-03 Circles Arcs & Sectors (Extended)
L1-CIE0580-E5-04,L1,CIE 0580 E5-04 Surface Area & Volume (Extended)
L1-CIE0580-E5-05,L1,CIE 0580 E5-05 Compound Shapes (Extended)
L1-CIE0580-E6-01,L1,CIE 0580 E6-01 Pythagoras (Extended)
L1-CIE0580-E6-02,L1,CIE 0580 E6-02 Right Angled Triangles (Extended)
L1-CIE0580-E6-03,L1,CIE 0580 E6-03 Exact Trigonometric Values (Extended)
L1-CIE0580-E6-04,L1,CIE 0580 E6-04 Trigonometric Functions (Extended)
L1-CIE0580-E6-05,L1,CIE 0580 E6-05 Non Right Angled Triangles (Extended)
L1-CIE0580-E6-06,L1,CIE 0580 E6-06 Pythagoras & Trigonometry In 3D (Extended)
L1-CIE0580-E7-01,L1,CIE 0580 E7-01 Transformations (Extended)
L1-CIE0580-E7-02,L1,CIE 0580 E7-02 Vectors In Two Dimensions (Extended)
L1-CIE0580-E7-03,L1,CIE 0580 E7-03 Magnitude Of A Vector (Extended)
L1-CIE0580-E7-04,L1,CIE 0580 E7-04 Vector Geometry (Extended)
L1-CIE0580-E8-01,L1,CIE 0580 E8-01 Introduction To Probability (Extended)
L1-CIE0580-E8-02,L1,CIE 0580 E8-02 Rel & Exp Freq (Extended)
L1-CIE0580-E8-03,L1,CIE 0580 E8-03 Probability Of Combined Events (Extended)
L1-CIE0580-E8-04,L1,CIE 0580 E8-04 Conditional Probability (Extended)
L1-CIE0580-E9-01,L1,CIE 0580 E9-01 Classifying Statistical Data (Extended)
L1-CIE0580-E9-02,L1,CIE 0580 E9-02 Interpreting Statistical Data (Extended)
L1-CIE0580-E9-03,L1,CIE 0580 E9-03 Averages & Range (Extended)
L1-CIE0580-E9-04,L1,CIE 0580 E9-04 Statistical Charts & Diagrams (Extended)
L1-CIE0580-E9-05,L1,CIE 0580 E9-05 Scatter Diagrams (Extended)
L1-CIE0580-E9-06,L1,CIE 0580 E9-06 Cumulative Frequency Diagrams (Extended)
L1-CIE0580-E9-07,L1,CIE 0580 E9-07 Histograms (Extended)
L1-EDX4MA1-F1-01,L1,Edexcel 4MA1 F1-01 Integers (Foundation)
L1-EDX4MA1-F1-02,L1,Edexcel 4MA1 F1-02 Fractions (Foundation)
L1-EDX4MA1-F1-03,L1,Edexcel 4MA1 F1-03 Decimals (Foundation)
L1-EDX4MA1-F1-04,L1,Edexcel 4MA1 F1-04 Powers & Roots (Foundation)
L1-EDX4MA1-F1-05,L1,Edexcel 4MA1 F1-05 Set Language & Notation (Foundation)
L1-EDX4MA1-F1-06,L1,Edexcel 4MA1 F1-06 Percentages (Foundation)
L1-EDX4MA1-F1-07,L1,Edexcel 4MA1 F1-07 Ratio & Proportion (Foundation)
L1-EDX4MA1-F1-08,L1,Edexcel 4MA1 F1-08 Degree Of Accuracy (Foundation)
L1-EDX4MA1-F1-09,L1,Edexcel 4MA1 F1-09 Standard Form (Foundation)
L1-EDX4MA1-F1-10,L1,Edexcel 4MA1 F1-10 Applying Number (Foundation)
L1-EDX4MA1-F1-11,L1,Edexcel 4MA1 F1-11 Electronic Calculators (Foundation)
L1-EDX4MA1-F2-01,L1,Edexcel 4MA1 F2-01 Use Of Symbols (Foundation)
L1-EDX4MA1-F2-02,L1,Edexcel 4MA1 F2-02 Algebraic Manipulation (Foundation)
L1-EDX4MA1-F2-03,L1,Edexcel 4MA1 F2-03 Expressions & Formulae (Foundation)
L1-EDX4MA1-F2-04,L1,Edexcel 4MA1 F2-04 Linear Equations (Foundation)
L1-EDX4MA1-F2-05,L1,Edexcel 4MA1 F2-05 Proportion (Foundation)
L1-EDX4MA1-F2-06,L1,Edexcel 4MA1 F2-06 Simultaneous Eqns (Foundation)
L1-EDX4MA1-F2-07,L1,Edexcel 4MA1 F2-07 Quadratic Equations (Foundation)
L1-EDX4MA1-F2-08,L1,Edexcel 4MA1 F2-08 Inequalities (Foundation)
L1-EDX4MA1-F3-01,L1,Edexcel 4MA1 F3-01 Sequences (Foundation)
L1-EDX4MA1-F3-02,L1,Edexcel 4MA1 F3-02 Function Notation (Foundation)
L1-EDX4MA1-F3-03,L1,Edexcel 4MA1 F3-03 Graphs (Foundation)
L1-EDX4MA1-F3-04,L1,Edexcel 4MA1 F3-04 Calculus (Foundation)
L1-EDX4MA1-F4-01,L1,"Edexcel 4MA1 F4-01 Angles, Lines & Triangles (Foundation)"
L1-EDX4MA1-F4-02,L1,Edexcel 4MA1 F4-02 Polygons (Foundation)
L1-EDX4MA1-F4-03,L1,Edexcel 4MA1 F4-03 Symmetry (Foundation)
L1-EDX4MA1-F4-04,L1,Edexcel 4MA1 F4-04 Measures (Foundation)
L1-EDX4MA1-F4-05,L1,Edexcel 4MA1 F4-05 Construction (Foundation)
L1-EDX4MA1-F4-06,L1,Edexcel 4MA1 F4-06 Circle Properties (Foundation)
L1-EDX4MA1-F4-07,L1,Edexcel 4MA1 F4-07 Geo Reasoning (Foundation)
L1-EDX4MA1-F4-08,L1,Edexcel 4MA1 F4-08 Trigonometry & Pythagoras (Foundation)
L1-EDX4MA1-F4-09,L1,Edexcel 4MA1 F4-09 Mensuration Of 2D Shapes (Foundation)
L1-EDX4MA1-F4-10,L1,Edexcel 4MA1 F4-10 3D Shapes & Volume (Foundation)
L1-EDX4MA1-F4-11,L1,Edexcel 4MA1 F4-11 Similarity (Foundation)
L1-EDX4MA1-F5-01,L1,Edexcel 4MA1 F5-01 Vectors (Foundation)
L1-EDX4MA1-F5-02,L1,Edexcel 4MA1 F5-02 Transformation Geometry (Foundation)
L1-EDX4MA1-F6-01,L1,Edexcel 4MA1 F6-01 Graphical Data (Foundation)
L1-EDX4MA1-F6-02,L1,Edexcel 4MA1 F6-02 Statistical Measures (Foundation)
L1-EDX4MA1-F6-03,L1,Edexcel 4MA1 F6-03 Probability (Foundation)
L1-EDX4MA1-H1-01,L1,Edexcel 4MA1 H1-01 Integers (Higher)
L1-EDX4MA1-H1-02,L1,Edexcel 4MA1 H1-02 Fractions (Higher)
L1-EDX4MA1-H1-03,L1,Edexcel 4MA1 H1-03 Decimals (Higher)
L1-EDX4MA1-H1-04,L1,Edexcel 4MA1 H1-04 Powers & Roots (Higher)
L1-EDX4MA1-H1-05,L1,Edexcel 4MA1 H1-05 Set Language & Notation (Higher)
L1-EDX4MA1-H1-06,L1,Edexcel 4MA1 H1-06 Percentages (Higher)
L1-EDX4MA1-H1-07,L1,Edexcel 4MA1 H1-07 Ratio & Proportion (Higher)
L1-EDX4MA1-H1-08,L1,Edexcel 4MA1 H1-08 Degree Of Accuracy (Higher)
L1-EDX4MA1-H1-09,L1,Edexcel 4MA1 H1-09 Standard Form (Higher)
L1-EDX4MA1-H1-10,L1,Edexcel 4MA1 H1-10 Applying Number (Higher)
L1-EDX4MA1-H1-11,L1,Edexcel 4MA1 H1-11 Electronic Calculators (Higher)
L1-EDX4MA1-H2-01,L1,Edexcel 4MA1 H2-01 Use Of Symbols (Higher)
L1-EDX4MA1-H2-02,L1,Edexcel 4MA1 H2-02 Algebraic Manipulation (Higher)
L1-EDX4MA1-H2-03,L1,Edexcel 4MA1 H2-03 Expressions & Formulae (Higher)
L1-EDX4MA1-H2-04,L1,Edexcel 4MA1 H2-04 Linear Equations (Higher)
L1-EDX4MA1-H2-05,L1,Edexcel 4MA1 H2-05 Proportion (Higher)
L1-EDX4MA1-H2-06,L1,Edexcel 4MA1 H2-06 Simultaneous Eqns (Higher)
L1-EDX4MA1-H2-07,L1,Edexcel 4MA1 H2-07 Quadratic Equations (Higher)
L1-EDX4MA1-H2-08,L1,Edexcel 4MA1 H2-08 Inequalities (Higher)
L1-EDX4MA1-H3-01,L1,Edexcel 4MA1 H3-01 Sequences (Higher)
L1-EDX4MA1-H3-02,L1,Edexcel 4MA1 H3-02 Function Notation (Higher)
L1-EDX4MA1-H3-03,L1,Edexcel 4MA1 H3-03 Graphs (Higher)
L1-EDX4MA1-H3-04,L1,Edexcel 4MA1 H3-04 Calculus (Higher)
L1-EDX4MA1-H4-01,L1,"Edexcel 4MA1 H4-01 Angles, Lines & Triangles (Higher)"
L1-EDX4MA1-H4-02,L1,Edexcel 4MA1 H4-02 Polygons (Higher)
L1-EDX4MA1-H4-03,L1,Edexcel 4MA1 H4-03 Symmetry (Higher)
L1-EDX4MA1-H4-04,L1,Edexcel 4MA1 H4-04 Measures (Higher)
L1-EDX4MA1-H4-05,L1,Edexcel 4MA1 H4-05 Construction (Higher)
L1-EDX4MA1-H4-06,L1,Edexcel 4MA1 H4-06 Circle Properties (Higher)
L1-EDX4MA1-H4-07,L1,Edexcel 4MA1 H4-07 Geo Reasoning (Higher)
L1-EDX4MA1-H4-08,L1,Edexcel 4MA1 H4-08 Trigonometry & Pythagoras (Higher)
L1-EDX4MA1-H4-09,L1,Edexcel 4MA1 H4-09 Mensuration (Higher)
L1-EDX4MA1-H4-10,L1,Edexcel 4MA1 H4-10 3D Shapes & Volume (Higher)
L1-EDX4MA1-H4-11,L1,Edexcel 4MA1 H4-11 Similarity (Higher)
L1-EDX4MA1-H5-01,L1,Edexcel 4MA1 H5-01 Vectors (Higher)
L1-EDX4MA1-H5-02,L1,Edexcel 4MA1 H5-02 Transformation Geometry (Higher)
L1-EDX4MA1-H6-01,L1,Edexcel 4MA1 H6-01 Graphical Data (Higher)
L1-EDX4MA1-H6-02,L1,Edexcel 4MA1 H6-02 Statistical Measures (Higher)
L1-EDX4MA1-H6-03,L1,Edexcel 4MA1 H6-03 Probability (Higher)
