level,sku,board,listing_title,cover_svg,cover_png
L1,L1-CIE0580-C1-01,cie0580,CIE 0580 C1-01 Types Of Number Worksheet + Kahoot Companion (Core),payhip/presale/listing-assets/l1/l1-cie0580-c1-01/01-cover-main-2320x1520-payhip.svg,payhip/presale/listing-assets/l1/l1-cie0580-c1-01/01-cover-main-2320x1520-payhip.png
L1,L1-CIE0580-C1-02,cie0580,CIE 0580 C1-02 Sets Worksheet + Kahoot Companion (Core),payhip/presale/listing-assets/l1/l1-cie0580-c1-02/01-cover-main-2320x1520-payhip.svg,payhip/presale/listing-assets/l1/l1-cie0580-c1-02/01-cover-main-2320x1520-payhip.png
L1,L1-CIE0580-C1-03,cie0580,CIE 0580 C1-03 Powers And Roots Worksheet + Kahoot Companion (Core),payhip/presale/listing-assets/l1/l1-cie0580-c1-03/01-cover-main-2320x1520-payhip.svg,payhip/presale/listing-assets/l1/l1-cie0580-c1-03/01-cover-main-2320x1520-payhip.png
L1,L1-CIE0580-C1-04,cie0580,CIE 0580 C1-04 Fractions Decimals Percentages Worksheet + Kahoot Companion (Core),payhip/presale/listing-assets/l1/l1-cie0580-c1-04/01-cover-main-2320x1520-payhip.svg,payhip/presale/listing-assets/l1/l1-cie0580-c1-04/01-cover-main-2320x1520-payhip.png
L1,L1-CIE0580-C1-05,cie0580,CIE 0580 C1-05 Ordering Worksheet + Kahoot Companion (Core),payhip/presale/listing-assets/l1/l1-cie0580-c1-05/01-cover-main-2320x1520-payhip.svg,payhip/presale/listing-assets/l1/l1-cie0580-c1-05/01-cover-main-2320x1520-payhip.png
L1,L1-CIE0580-C1-06,cie0580,CIE 0580 C1-06 Four Operations Worksheet + Kahoot Companion (Core),payhip/presale/listing-assets/l1/l1-cie0580-c1-06/01-cover-main-2320x1520-payhip.svg,payhip/presale/listing-assets/l1/l1-cie0580-c1-06/01-cover-main-2320x1520-payhip.png
L1,L1-CIE0580-C1-07,cie0580,CIE 0580 C1-07 Indices I Worksheet + Kahoot Companion (Core),payhip/presale/listing-assets/l1/l1-cie0580-c1-07/01-cover-main-2320x1520-payhip.svg,payhip/presale/listing-assets/l1/l1-cie0580-c1-07/01-cover-main-2320x1520-payhip.png
L1,L1-CIE0580-C1-08,cie0580,CIE 0580 C1-08 Standard Form Worksheet + Kahoot Companion (Core),payhip/presale/listing-assets/l1/l1-cie0580-c1-08/01-cover-main-2320x1520-payhip.svg,payhip/presale/listing-assets/l1/l1-cie0580-c1-08/01-cover-main-2320x1520-payhip.png
L1,L1-CIE0580-C1-09,cie0580,CIE 0580 C1-09 Estimation And Approximation Worksheet + Kahoot Companion (Core),payhip/presale/listing-assets/l1/l1-cie0580-c1-09/01-cover-main-2320x1520-payhip.svg,payhip/presale/listing-assets/l1/l1-cie0580-c1-09/01-cover-main-2320x1520-payhip.png
L1,L1-CIE0580-C1-10,cie0580,CIE 0580 C1-10 Limits Of Accuracy Worksheet + Kahoot Companion (Core),payhip/presale/listing-assets/l1/l1-cie0580-c1-10/01-cover-main-2320x1520-payhip.svg,payhip/presale/listing-assets/l1/l1-cie0580-c1-10/01-cover-main-2320x1520-payhip.png
L1,L1-CIE0580-C1-11,cie0580,CIE 0580 C1-11 Ratio And Proportion Worksheet + Kahoot Companion (Core),payhip/presale/listing-assets/l1/l1-cie0580-c1-11/01-cover-main-2320x1520-payhip.svg,payhip/presale/listing-assets/l1/l1-cie0580-c1-11/01-cover-main-2320x1520-payhip.png
L1,L1-CIE0580-C1-12,cie0580,CIE 0580 C1-12 Rates Worksheet + Kahoot Companion (Core),payhip/presale/listing-assets/l1/l1-cie0580-c1-12/01-cover-main-2320x1520-payhip.svg,payhip/presale/listing-assets/l1/l1-cie0580-c1-12/01-cover-main-2320x1520-payhip.png
L1,L1-CIE0580-C1-13,cie0580,CIE 0580 C1-13 Percentages Worksheet + Kahoot Companion (Core),payhip/presale/listing-assets/l1/l1-cie0580-c1-13/01-cover-main-2320x1520-payhip.svg,payhip/presale/listing-assets/l1/l1-cie0580-c1-13/01-cover-main-2320x1520-payhip.png
L1,L1-CIE0580-C1-14,cie0580,CIE 0580 C1-14 Using A Calculator Worksheet + Kahoot Companion (Core),payhip/presale/listing-assets/l1/l1-cie0580-c1-14/01-cover-main-2320x1520-payhip.svg,payhip/presale/listing-assets/l1/l1-cie0580-c1-14/01-cover-main-2320x1520-payhip.png
L1,L1-CIE0580-C1-15,cie0580,CIE 0580 C1-15 Time Worksheet + Kahoot Companion (Core),payhip/presale/listing-assets/l1/l1-cie0580-c1-15/01-cover-main-2320x1520-payhip.svg,payhip/presale/listing-assets/l1/l1-cie0580-c1-15/01-cover-main-2320x1520-payhip.png
L1,L1-CIE0580-C1-16,cie0580,CIE 0580 C1-16 Money Worksheet + Kahoot Companion (Core),payhip/presale/listing-assets/l1/l1-cie0580-c1-16/01-cover-main-2320x1520-payhip.svg,payhip/presale/listing-assets/l1/l1-cie0580-c1-16/01-cover-main-2320x1520-payhip.png
L1,L1-CIE0580-C2-01,cie0580,CIE 0580 C2-01 Introduction To Algebra Worksheet + Kahoot Companion (Core),payhip/presale/listing-assets/l1/l1-cie0580-c2-01/01-cover-main-2320x1520-payhip.svg,payhip/presale/listing-assets/l1/l1-cie0580-c2-01/01-cover-main-2320x1520-payhip.png
L1,L1-CIE0580-C2-02,cie0580,CIE 0580 C2-02 Algebraic Manipulation Worksheet + Kahoot Companion (Core),payhip/presale/listing-assets/l1/l1-cie0580-c2-02/01-cover-main-2320x1520-payhip.svg,payhip/presale/listing-assets/l1/l1-cie0580-c2-02/01-cover-main-2320x1520-payhip.png
L1,L1-CIE0580-C2-04,cie0580,CIE 0580 C2-04 Indices Ii Worksheet + Kahoot Companion (Core),payhip/presale/listing-assets/l1/l1-cie0580-c2-04/01-cover-main-2320x1520-payhip.svg,payhip/presale/listing-assets/l1/l1-cie0580-c2-04/01-cover-main-2320x1520-payhip.png
L1,L1-CIE0580-C2-05,cie0580,CIE 0580 C2-05 Equations Worksheet + Kahoot Companion (Core),payhip/presale/listing-assets/l1/l1-cie0580-c2-05/01-cover-main-2320x1520-payhip.svg,payhip/presale/listing-assets/l1/l1-cie0580-c2-05/01-cover-main-2320x1520-payhip.png
L1,L1-CIE0580-C2-06,cie0580,CIE 0580 C2-06 Inequalities Worksheet + Kahoot Companion (Core),payhip/presale/listing-assets/l1/l1-cie0580-c2-06/01-cover-main-2320x1520-payhip.svg,payhip/presale/listing-assets/l1/l1-cie0580-c2-06/01-cover-main-2320x1520-payhip.png
L1,L1-CIE0580-C2-07,cie0580,CIE 0580 C2-07 Sequences Worksheet + Kahoot Companion (Core),payhip/presale/listing-assets/l1/l1-cie0580-c2-07/01-cover-main-2320x1520-payhip.svg,payhip/presale/listing-assets/l1/l1-cie0580-c2-07/01-cover-main-2320x1520-payhip.png
L1,L1-CIE0580-C2-09,cie0580,CIE 0580 C2-09 Graphs In Practical Situations Worksheet + Kahoot Companion (Core),payhip/presale/listing-assets/l1/l1-cie0580-c2-09/01-cover-main-2320x1520-payhip.svg,payhip/presale/listing-assets/l1/l1-cie0580-c2-09/01-cover-main-2320x1520-payhip.png
L1,L1-CIE0580-C2-10,cie0580,CIE 0580 C2-10 Graphs Of Functions Worksheet + Kahoot Companion (Core),payhip/presale/listing-assets/l1/l1-cie0580-c2-10/01-cover-main-2320x1520-payhip.svg,payhip/presale/listing-assets/l1/l1-cie0580-c2-10/01-cover-main-2320x1520-payhip.png
L1,L1-CIE0580-C2-11,cie0580,CIE 0580 C2-11 Sketching Curves Worksheet + Kahoot Companion (Core),payhip/presale/listing-assets/l1/l1-cie0580-c2-11/01-cover-main-2320x1520-payhip.svg,payhip/presale/listing-assets/l1/l1-cie0580-c2-11/01-cover-main-2320x1520-payhip.png
L1,L1-CIE0580-C3-01,cie0580,CIE 0580 C3-01 Coordinates Worksheet + Kahoot Companion (Core),payhip/presale/listing-assets/l1/l1-cie0580-c3-01/01-cover-main-2320x1520-payhip.svg,payhip/presale/listing-assets/l1/l1-cie0580-c3-01/01-cover-main-2320x1520-payhip.png
L1,L1-CIE0580-C3-02,cie0580,CIE 0580 C3-02 Drawing Linear Graphs Worksheet + Kahoot Companion (Core),payhip/presale/listing-assets/l1/l1-cie0580-c3-02/01-cover-main-2320x1520-payhip.svg,payhip/presale/listing-assets/l1/l1-cie0580-c3-02/01-cover-main-2320x1520-payhip.png
L1,L1-CIE0580-C3-03,cie0580,CIE 0580 C3-03 Gradient Of Linear Graphs Worksheet + Kahoot Companion (Core),payhip/presale/listing-assets/l1/l1-cie0580-c3-03/01-cover-main-2320x1520-payhip.svg,payhip/presale/listing-assets/l1/l1-cie0580-c3-03/01-cover-main-2320x1520-payhip.png
L1,L1-CIE0580-C3-05,cie0580,CIE 0580 C3-05 Equations Of Linear Graphs Worksheet + Kahoot Companion (Core),payhip/presale/listing-assets/l1/l1-cie0580-c3-05/01-cover-main-2320x1520-payhip.svg,payhip/presale/listing-assets/l1/l1-cie0580-c3-05/01-cover-main-2320x1520-payhip.png
L1,L1-CIE0580-C3-06,cie0580,CIE 0580 C3-06 Parallel Lines Worksheet + Kahoot Companion (Core),payhip/presale/listing-assets/l1/l1-cie0580-c3-06/01-cover-main-2320x1520-payhip.svg,payhip/presale/listing-assets/l1/l1-cie0580-c3-06/01-cover-main-2320x1520-payhip.png
L1,L1-CIE0580-C4-01,cie0580,CIE 0580 C4-01 Geometrical Terms Worksheet + Kahoot Companion (Core),payhip/presale/listing-assets/l1/l1-cie0580-c4-01/01-cover-main-2320x1520-payhip.svg,payhip/presale/listing-assets/l1/l1-cie0580-c4-01/01-cover-main-2320x1520-payhip.png
L1,L1-CIE0580-C4-02,cie0580,CIE 0580 C4-02 Geometrical Constructions Worksheet + Kahoot Companion (Core),payhip/presale/listing-assets/l1/l1-cie0580-c4-02/01-cover-main-2320x1520-payhip.svg,payhip/presale/listing-assets/l1/l1-cie0580-c4-02/01-cover-main-2320x1520-payhip.png
L1,L1-CIE0580-C4-03,cie0580,CIE 0580 C4-03 Scale Drawings Worksheet + Kahoot Companion (Core),payhip/presale/listing-assets/l1/l1-cie0580-c4-03/01-cover-main-2320x1520-payhip.svg,payhip/presale/listing-assets/l1/l1-cie0580-c4-03/01-cover-main-2320x1520-payhip.png
L1,L1-CIE0580-C4-04,cie0580,CIE 0580 C4-04 Similarity Worksheet + Kahoot Companion (Core),payhip/presale/listing-assets/l1/l1-cie0580-c4-04/01-cover-main-2320x1520-payhip.svg,payhip/presale/listing-assets/l1/l1-cie0580-c4-04/01-cover-main-2320x1520-payhip.png
L1,L1-CIE0580-C4-05,cie0580,CIE 0580 C4-05 Symmetry Worksheet + Kahoot Companion (Core),payhip/presale/listing-assets/l1/l1-cie0580-c4-05/01-cover-main-2320x1520-payhip.svg,payhip/presale/listing-assets/l1/l1-cie0580-c4-05/01-cover-main-2320x1520-payhip.png
L1,L1-CIE0580-C4-06,cie0580,CIE 0580 C4-06 Angles Worksheet + Kahoot Companion (Core),payhip/presale/listing-assets/l1/l1-cie0580-c4-06/01-cover-main-2320x1520-payhip.svg,payhip/presale/listing-assets/l1/l1-cie0580-c4-06/01-cover-main-2320x1520-payhip.png
L1,L1-CIE0580-C4-07,cie0580,CIE 0580 C4-07 Circle Theorems Worksheet + Kahoot Companion (Core),payhip/presale/listing-assets/l1/l1-cie0580-c4-07/01-cover-main-2320x1520-payhip.svg,payhip/presale/listing-assets/l1/l1-cie0580-c4-07/01-cover-main-2320x1520-payhip.png
L1,L1-CIE0580-C5-01,cie0580,CIE 0580 C5-01 Units Of Measure Worksheet + Kahoot Companion (Core),payhip/presale/listing-assets/l1/l1-cie0580-c5-01/01-cover-main-2320x1520-payhip.svg,payhip/presale/listing-assets/l1/l1-cie0580-c5-01/01-cover-main-2320x1520-payhip.png
L1,L1-CIE0580-C5-02,cie0580,CIE 0580 C5-02 Area And Perimeter Worksheet + Kahoot Companion (Core),payhip/presale/listing-assets/l1/l1-cie0580-c5-02/01-cover-main-2320x1520-payhip.svg,payhip/presale/listing-assets/l1/l1-cie0580-c5-02/01-cover-main-2320x1520-payhip.png
L1,L1-CIE0580-C5-03,cie0580,CIE 0580 C5-03 Circles Arcs And Sectors Worksheet + Kahoot Companion (Core),payhip/presale/listing-assets/l1/l1-cie0580-c5-03/01-cover-main-2320x1520-payhip.svg,payhip/presale/listing-assets/l1/l1-cie0580-c5-03/01-cover-main-2320x1520-payhip.png
L1,L1-CIE0580-C5-04,cie0580,CIE 0580 C5-04 Surface Area And Volume Worksheet + Kahoot Companion (Core),payhip/presale/listing-assets/l1/l1-cie0580-c5-04/01-cover-main-2320x1520-payhip.svg,payhip/presale/listing-assets/l1/l1-cie0580-c5-04/01-cover-main-2320x1520-payhip.png
L1,L1-CIE0580-C5-05,cie0580,CIE 0580 C5-05 Compound Shapes And Parts Of Shapes Worksheet + Kahoot Companion (Core),payhip/presale/listing-assets/l1/l1-cie0580-c5-05/01-cover-main-2320x1520-payhip.svg,payhip/presale/listing-assets/l1/l1-cie0580-c5-05/01-cover-main-2320x1520-payhip.png
L1,L1-CIE0580-C6-01,cie0580,CIE 0580 C6-01 Pythagoras Theorem Worksheet + Kahoot Companion (Core),payhip/presale/listing-assets/l1/l1-cie0580-c6-01/01-cover-main-2320x1520-payhip.svg,payhip/presale/listing-assets/l1/l1-cie0580-c6-01/01-cover-main-2320x1520-payhip.png
L1,L1-CIE0580-C6-02,cie0580,CIE 0580 C6-02 Right Angled Triangles Worksheet + Kahoot Companion (Core),payhip/presale/listing-assets/l1/l1-cie0580-c6-02/01-cover-main-2320x1520-payhip.svg,payhip/presale/listing-assets/l1/l1-cie0580-c6-02/01-cover-main-2320x1520-payhip.png
L1,L1-CIE0580-C7-01,cie0580,CIE 0580 C7-01 Transformations Worksheet + Kahoot Companion (Core),payhip/presale/listing-assets/l1/l1-cie0580-c7-01/01-cover-main-2320x1520-payhip.svg,payhip/presale/listing-assets/l1/l1-cie0580-c7-01/01-cover-main-2320x1520-payhip.png
L1,L1-CIE0580-C8-01,cie0580,CIE 0580 C8-01 Introduction To Probability Worksheet + Kahoot Companion (Core),payhip/presale/listing-assets/l1/l1-cie0580-c8-01/01-cover-main-2320x1520-payhip.svg,payhip/presale/listing-assets/l1/l1-cie0580-c8-01/01-cover-main-2320x1520-payhip.png
L1,L1-CIE0580-C8-02,cie0580,CIE 0580 C8-02 Relative And Expected Frequencies Worksheet + Kahoot Companion (Core),payhip/presale/listing-assets/l1/l1-cie0580-c8-02/01-cover-main-2320x1520-payhip.svg,payhip/presale/listing-assets/l1/l1-cie0580-c8-02/01-cover-main-2320x1520-payhip.png
L1,L1-CIE0580-C8-03,cie0580,CIE 0580 C8-03 Probability Of Combined Events Worksheet + Kahoot Companion (Core),payhip/presale/listing-assets/l1/l1-cie0580-c8-03/01-cover-main-2320x1520-payhip.svg,payhip/presale/listing-assets/l1/l1-cie0580-c8-03/01-cover-main-2320x1520-payhip.png
L1,L1-CIE0580-C9-01,cie0580,CIE 0580 C9-01 Classifying Statistical Data Worksheet + Kahoot Companion (Core),payhip/presale/listing-assets/l1/l1-cie0580-c9-01/01-cover-main-2320x1520-payhip.svg,payhip/presale/listing-assets/l1/l1-cie0580-c9-01/01-cover-main-2320x1520-payhip.png
L1,L1-CIE0580-C9-02,cie0580,CIE 0580 C9-02 Interpreting Statistical Data Worksheet + Kahoot Companion (Core),payhip/presale/listing-assets/l1/l1-cie0580-c9-02/01-cover-main-2320x1520-payhip.svg,payhip/presale/listing-assets/l1/l1-cie0580-c9-02/01-cover-main-2320x1520-payhip.png
L1,L1-CIE0580-C9-03,cie0580,CIE 0580 C9-03 Averages And Range Worksheet + Kahoot Companion (Core),payhip/presale/listing-assets/l1/l1-cie0580-c9-03/01-cover-main-2320x1520-payhip.svg,payhip/presale/listing-assets/l1/l1-cie0580-c9-03/01-cover-main-2320x1520-payhip.png
L1,L1-CIE0580-C9-04,cie0580,CIE 0580 C9-04 Statistical Charts And Diagrams Worksheet + Kahoot Companion (Core),payhip/presale/listing-assets/l1/l1-cie0580-c9-04/01-cover-main-2320x1520-payhip.svg,payhip/presale/listing-assets/l1/l1-cie0580-c9-04/01-cover-main-2320x1520-payhip.png
L1,L1-CIE0580-E1-01,cie0580,CIE 0580 E1-01 Types Of Number Worksheet + Kahoot Companion (Extended),payhip/presale/listing-assets/l1/l1-cie0580-e1-01/01-cover-main-2320x1520-payhip.svg,payhip/presale/listing-assets/l1/l1-cie0580-e1-01/01-cover-main-2320x1520-payhip.png
L1,L1-CIE0580-E1-02,cie0580,CIE 0580 E1-02 Sets Worksheet + Kahoot Companion (Extended),payhip/presale/listing-assets/l1/l1-cie0580-e1-02/01-cover-main-2320x1520-payhip.svg,payhip/presale/listing-assets/l1/l1-cie0580-e1-02/01-cover-main-2320x1520-payhip.png
L1,L1-CIE0580-E1-03,cie0580,CIE 0580 E1-03 Powers And Roots Worksheet + Kahoot Companion (Extended),payhip/presale/listing-assets/l1/l1-cie0580-e1-03/01-cover-main-2320x1520-payhip.svg,payhip/presale/listing-assets/l1/l1-cie0580-e1-03/01-cover-main-2320x1520-payhip.png
L1,L1-CIE0580-E1-04,cie0580,CIE 0580 E1-04 Fractions Decimals Percentages Worksheet + Kahoot Companion (Extended),payhip/presale/listing-assets/l1/l1-cie0580-e1-04/01-cover-main-2320x1520-payhip.svg,payhip/presale/listing-assets/l1/l1-cie0580-e1-04/01-cover-main-2320x1520-payhip.png
L1,L1-CIE0580-E1-05,cie0580,CIE 0580 E1-05 Ordering Worksheet + Kahoot Companion (Extended),payhip/presale/listing-assets/l1/l1-cie0580-e1-05/01-cover-main-2320x1520-payhip.svg,payhip/presale/listing-assets/l1/l1-cie0580-e1-05/01-cover-main-2320x1520-payhip.png
L1,L1-CIE0580-E1-06,cie0580,CIE 0580 E1-06 Four Operations Worksheet + Kahoot Companion (Extended),payhip/presale/listing-assets/l1/l1-cie0580-e1-06/01-cover-main-2320x1520-payhip.svg,payhip/presale/listing-assets/l1/l1-cie0580-e1-06/01-cover-main-2320x1520-payhip.png
L1,L1-CIE0580-E1-07,cie0580,CIE 0580 E1-07 Indices I Worksheet + Kahoot Companion (Extended),payhip/presale/listing-assets/l1/l1-cie0580-e1-07/01-cover-main-2320x1520-payhip.svg,payhip/presale/listing-assets/l1/l1-cie0580-e1-07/01-cover-main-2320x1520-payhip.png
L1,L1-CIE0580-E1-08,cie0580,CIE 0580 E1-08 Standard Form Worksheet + Kahoot Companion (Extended),payhip/presale/listing-assets/l1/l1-cie0580-e1-08/01-cover-main-2320x1520-payhip.svg,payhip/presale/listing-assets/l1/l1-cie0580-e1-08/01-cover-main-2320x1520-payhip.png
L1,L1-CIE0580-E1-09,cie0580,CIE 0580 E1-09 Estimation And Approximation Worksheet + Kahoot Companion (Extended),payhip/presale/listing-assets/l1/l1-cie0580-e1-09/01-cover-main-2320x1520-payhip.svg,payhip/presale/listing-assets/l1/l1-cie0580-e1-09/01-cover-main-2320x1520-payhip.png
L1,L1-CIE0580-E1-10,cie0580,CIE 0580 E1-10 Limits Of Accuracy Worksheet + Kahoot Companion (Extended),payhip/presale/listing-assets/l1/l1-cie0580-e1-10/01-cover-main-2320x1520-payhip.svg,payhip/presale/listing-assets/l1/l1-cie0580-e1-10/01-cover-main-2320x1520-payhip.png
L1,L1-CIE0580-E1-11,cie0580,CIE 0580 E1-11 Ratio And Proportion Worksheet + Kahoot Companion (Extended),payhip/presale/listing-assets/l1/l1-cie0580-e1-11/01-cover-main-2320x1520-payhip.svg,payhip/presale/listing-assets/l1/l1-cie0580-e1-11/01-cover-main-2320x1520-payhip.png
L1,L1-CIE0580-E1-12,cie0580,CIE 0580 E1-12 Rates Worksheet + Kahoot Companion (Extended),payhip/presale/listing-assets/l1/l1-cie0580-e1-12/01-cover-main-2320x1520-payhip.svg,payhip/presale/listing-assets/l1/l1-cie0580-e1-12/01-cover-main-2320x1520-payhip.png
L1,L1-CIE0580-E1-13,cie0580,CIE 0580 E1-13 Percentages Worksheet + Kahoot Companion (Extended),payhip/presale/listing-assets/l1/l1-cie0580-e1-13/01-cover-main-2320x1520-payhip.svg,payhip/presale/listing-assets/l1/l1-cie0580-e1-13/01-cover-main-2320x1520-payhip.png
L1,L1-CIE0580-E1-14,cie0580,CIE 0580 E1-14 Using A Calculator Worksheet + Kahoot Companion (Extended),payhip/presale/listing-assets/l1/l1-cie0580-e1-14/01-cover-main-2320x1520-payhip.svg,payhip/presale/listing-assets/l1/l1-cie0580-e1-14/01-cover-main-2320x1520-payhip.png
L1,L1-CIE0580-E1-15,cie0580,CIE 0580 E1-15 Time Worksheet + Kahoot Companion (Extended),payhip/presale/listing-assets/l1/l1-cie0580-e1-15/01-cover-main-2320x1520-payhip.svg,payhip/presale/listing-assets/l1/l1-cie0580-e1-15/01-cover-main-2320x1520-payhip.png
L1,L1-CIE0580-E1-16,cie0580,CIE 0580 E1-16 Money Worksheet + Kahoot Companion (Extended),payhip/presale/listing-assets/l1/l1-cie0580-e1-16/01-cover-main-2320x1520-payhip.svg,payhip/presale/listing-assets/l1/l1-cie0580-e1-16/01-cover-main-2320x1520-payhip.png
L1,L1-CIE0580-E1-17,cie0580,CIE 0580 E1-17 Exponential Growth Decay Worksheet + Kahoot Companion (Extended),payhip/presale/listing-assets/l1/l1-cie0580-e1-17/01-cover-main-2320x1520-payhip.svg,payhip/presale/listing-assets/l1/l1-cie0580-e1-17/01-cover-main-2320x1520-payhip.png
L1,L1-CIE0580-E1-18,cie0580,CIE 0580 E1-18 Surds Worksheet + Kahoot Companion (Extended),payhip/presale/listing-assets/l1/l1-cie0580-e1-18/01-cover-main-2320x1520-payhip.svg,payhip/presale/listing-assets/l1/l1-cie0580-e1-18/01-cover-main-2320x1520-payhip.png
L1,L1-CIE0580-E2-01,cie0580,CIE 0580 E2-01 Introduction To Algebra Worksheet + Kahoot Companion (Extended),payhip/presale/listing-assets/l1/l1-cie0580-e2-01/01-cover-main-2320x1520-payhip.svg,payhip/presale/listing-assets/l1/l1-cie0580-e2-01/01-cover-main-2320x1520-payhip.png
L1,L1-CIE0580-E2-02,cie0580,CIE 0580 E2-02 Algebraic Manipulation Worksheet + Kahoot Companion (Extended),payhip/presale/listing-assets/l1/l1-cie0580-e2-02/01-cover-main-2320x1520-payhip.svg,payhip/presale/listing-assets/l1/l1-cie0580-e2-02/01-cover-main-2320x1520-payhip.png
L1,L1-CIE0580-E2-03,cie0580,CIE 0580 E2-03 Algebraic Fractions Worksheet + Kahoot Companion (Extended),payhip/presale/listing-assets/l1/l1-cie0580-e2-03/01-cover-main-2320x1520-payhip.svg,payhip/presale/listing-assets/l1/l1-cie0580-e2-03/01-cover-main-2320x1520-payhip.png
L1,L1-CIE0580-E2-04,cie0580,CIE 0580 E2-04 Indices Ii Worksheet + Kahoot Companion (Extended),payhip/presale/listing-assets/l1/l1-cie0580-e2-04/01-cover-main-2320x1520-payhip.svg,payhip/presale/listing-assets/l1/l1-cie0580-e2-04/01-cover-main-2320x1520-payhip.png
L1,L1-CIE0580-E2-05,cie0580,CIE 0580 E2-05 Equations Worksheet + Kahoot Companion (Extended),payhip/presale/listing-assets/l1/l1-cie0580-e2-05/01-cover-main-2320x1520-payhip.svg,payhip/presale/listing-assets/l1/l1-cie0580-e2-05/01-cover-main-2320x1520-payhip.png
L1,L1-CIE0580-E2-06,cie0580,CIE 0580 E2-06 Inequalities Worksheet + Kahoot Companion (Extended),payhip/presale/listing-assets/l1/l1-cie0580-e2-06/01-cover-main-2320x1520-payhip.svg,payhip/presale/listing-assets/l1/l1-cie0580-e2-06/01-cover-main-2320x1520-payhip.png
L1,L1-CIE0580-E2-07,cie0580,CIE 0580 E2-07 Sequences Worksheet + Kahoot Companion (Extended),payhip/presale/listing-assets/l1/l1-cie0580-e2-07/01-cover-main-2320x1520-payhip.svg,payhip/presale/listing-assets/l1/l1-cie0580-e2-07/01-cover-main-2320x1520-payhip.png
L1,L1-CIE0580-E2-08,cie0580,CIE 0580 E2-08 Proportion Worksheet + Kahoot Companion (Extended),payhip/presale/listing-assets/l1/l1-cie0580-e2-08/01-cover-main-2320x1520-payhip.svg,payhip/presale/listing-assets/l1/l1-cie0580-e2-08/01-cover-main-2320x1520-payhip.png
L1,L1-CIE0580-E2-09,cie0580,CIE 0580 E2-09 Graphs In Practical Situations Worksheet + Kahoot Companion (Extended),payhip/presale/listing-assets/l1/l1-cie0580-e2-09/01-cover-main-2320x1520-payhip.svg,payhip/presale/listing-assets/l1/l1-cie0580-e2-09/01-cover-main-2320x1520-payhip.png
L1,L1-CIE0580-E2-10,cie0580,CIE 0580 E2-10 Graphs Of Functions Worksheet + Kahoot Companion (Extended),payhip/presale/listing-assets/l1/l1-cie0580-e2-10/01-cover-main-2320x1520-payhip.svg,payhip/presale/listing-assets/l1/l1-cie0580-e2-10/01-cover-main-2320x1520-payhip.png
L1,L1-CIE0580-E2-11,cie0580,CIE 0580 E2-11 Sketching Curves Worksheet + Kahoot Companion (Extended),payhip/presale/listing-assets/l1/l1-cie0580-e2-11/01-cover-main-2320x1520-payhip.svg,payhip/presale/listing-assets/l1/l1-cie0580-e2-11/01-cover-main-2320x1520-payhip.png
L1,L1-CIE0580-E2-12,cie0580,CIE 0580 E2-12 Differentiation Worksheet + Kahoot Companion (Extended),payhip/presale/listing-assets/l1/l1-cie0580-e2-12/01-cover-main-2320x1520-payhip.svg,payhip/presale/listing-assets/l1/l1-cie0580-e2-12/01-cover-main-2320x1520-payhip.png
L1,L1-CIE0580-E2-13,cie0580,CIE 0580 E2-13 Functions Worksheet + Kahoot Companion (Extended),payhip/presale/listing-assets/l1/l1-cie0580-e2-13/01-cover-main-2320x1520-payhip.svg,payhip/presale/listing-assets/l1/l1-cie0580-e2-13/01-cover-main-2320x1520-payhip.png
L1,L1-CIE0580-E3-01,cie0580,CIE 0580 E3-01 Coordinates Worksheet + Kahoot Companion (Extended),payhip/presale/listing-assets/l1/l1-cie0580-e3-01/01-cover-main-2320x1520-payhip.svg,payhip/presale/listing-assets/l1/l1-cie0580-e3-01/01-cover-main-2320x1520-payhip.png
L1,L1-CIE0580-E3-02,cie0580,CIE 0580 E3-02 Drawing Linear Graphs Worksheet + Kahoot Companion (Extended),payhip/presale/listing-assets/l1/l1-cie0580-e3-02/01-cover-main-2320x1520-payhip.svg,payhip/presale/listing-assets/l1/l1-cie0580-e3-02/01-cover-main-2320x1520-payhip.png
L1,L1-CIE0580-E3-03,cie0580,CIE 0580 E3-03 Gradient Of Linear Graphs Worksheet + Kahoot Companion (Extended),payhip/presale/listing-assets/l1/l1-cie0580-e3-03/01-cover-main-2320x1520-payhip.svg,payhip/presale/listing-assets/l1/l1-cie0580-e3-03/01-cover-main-2320x1520-payhip.png
L1,L1-CIE0580-E3-04,cie0580,CIE 0580 E3-04 Length And Midpoint Worksheet + Kahoot Companion (Extended),payhip/presale/listing-assets/l1/l1-cie0580-e3-04/01-cover-main-2320x1520-payhip.svg,payhip/presale/listing-assets/l1/l1-cie0580-e3-04/01-cover-main-2320x1520-payhip.png
L1,L1-CIE0580-E3-05,cie0580,CIE 0580 E3-05 Equations Of Linear Graphs Worksheet + Kahoot Companion (Extended),payhip/presale/listing-assets/l1/l1-cie0580-e3-05/01-cover-main-2320x1520-payhip.svg,payhip/presale/listing-assets/l1/l1-cie0580-e3-05/01-cover-main-2320x1520-payhip.png
L1,L1-CIE0580-E3-06,cie0580,CIE 0580 E3-06 Parallel Lines Worksheet + Kahoot Companion (Extended),payhip/presale/listing-assets/l1/l1-cie0580-e3-06/01-cover-main-2320x1520-payhip.svg,payhip/presale/listing-assets/l1/l1-cie0580-e3-06/01-cover-main-2320x1520-payhip.png
L1,L1-CIE0580-E3-07,cie0580,CIE 0580 E3-07 Perpendicular Lines Worksheet + Kahoot Companion (Extended),payhip/presale/listing-assets/l1/l1-cie0580-e3-07/01-cover-main-2320x1520-payhip.svg,payhip/presale/listing-assets/l1/l1-cie0580-e3-07/01-cover-main-2320x1520-payhip.png
L1,L1-CIE0580-E4-01,cie0580,CIE 0580 E4-01 Geometrical Terms Worksheet + Kahoot Companion (Extended),payhip/presale/listing-assets/l1/l1-cie0580-e4-01/01-cover-main-2320x1520-payhip.svg,payhip/presale/listing-assets/l1/l1-cie0580-e4-01/01-cover-main-2320x1520-payhip.png
L1,L1-CIE0580-E4-02,cie0580,CIE 0580 E4-02 Geometrical Constructions Worksheet + Kahoot Companion (Extended),payhip/presale/listing-assets/l1/l1-cie0580-e4-02/01-cover-main-2320x1520-payhip.svg,payhip/presale/listing-assets/l1/l1-cie0580-e4-02/01-cover-main-2320x1520-payhip.png
L1,L1-CIE0580-E4-03,cie0580,CIE 0580 E4-03 Scale Drawings Worksheet + Kahoot Companion (Extended),payhip/presale/listing-assets/l1/l1-cie0580-e4-03/01-cover-main-2320x1520-payhip.svg,payhip/presale/listing-assets/l1/l1-cie0580-e4-03/01-cover-main-2320x1520-payhip.png
L1,L1-CIE0580-E4-04,cie0580,CIE 0580 E4-04 Similarity Worksheet + Kahoot Companion (Extended),payhip/presale/listing-assets/l1/l1-cie0580-e4-04/01-cover-main-2320x1520-payhip.svg,payhip/presale/listing-assets/l1/l1-cie0580-e4-04/01-cover-main-2320x1520-payhip.png
L1,L1-CIE0580-E4-05,cie0580,CIE 0580 E4-05 Symmetry Worksheet + Kahoot Companion (Extended),payhip/presale/listing-assets/l1/l1-cie0580-e4-05/01-cover-main-2320x1520-payhip.svg,payhip/presale/listing-assets/l1/l1-cie0580-e4-05/01-cover-main-2320x1520-payhip.png
L1,L1-CIE0580-E4-06,cie0580,CIE 0580 E4-06 Angles Worksheet + Kahoot Companion (Extended),payhip/presale/listing-assets/l1/l1-cie0580-e4-06/01-cover-main-2320x1520-payhip.svg,payhip/presale/listing-assets/l1/l1-cie0580-e4-06/01-cover-main-2320x1520-payhip.png
L1,L1-CIE0580-E4-07,cie0580,CIE 0580 E4-07 Circle Theorems I Worksheet + Kahoot Companion (Extended),payhip/presale/listing-assets/l1/l1-cie0580-e4-07/01-cover-main-2320x1520-payhip.svg,payhip/presale/listing-assets/l1/l1-cie0580-e4-07/01-cover-main-2320x1520-payhip.png
L1,L1-CIE0580-E4-08,cie0580,CIE 0580 E4-08 Circle Theorems Ii Worksheet + Kahoot Companion (Extended),payhip/presale/listing-assets/l1/l1-cie0580-e4-08/01-cover-main-2320x1520-payhip.svg,payhip/presale/listing-assets/l1/l1-cie0580-e4-08/01-cover-main-2320x1520-payhip.png
L1,L1-CIE0580-E5-01,cie0580,CIE 0580 E5-01 Units Of Measure Worksheet + Kahoot Companion (Extended),payhip/presale/listing-assets/l1/l1-cie0580-e5-01/01-cover-main-2320x1520-payhip.svg,payhip/presale/listing-assets/l1/l1-cie0580-e5-01/01-cover-main-2320x1520-payhip.png
L1,L1-CIE0580-E5-02,cie0580,CIE 0580 E5-02 Area And Perimeter Worksheet + Kahoot Companion (Extended),payhip/presale/listing-assets/l1/l1-cie0580-e5-02/01-cover-main-2320x1520-payhip.svg,payhip/presale/listing-assets/l1/l1-cie0580-e5-02/01-cover-main-2320x1520-payhip.png
L1,L1-CIE0580-E5-03,cie0580,CIE 0580 E5-03 Circles Arcs And Sectors Worksheet + Kahoot Companion (Extended),payhip/presale/listing-assets/l1/l1-cie0580-e5-03/01-cover-main-2320x1520-payhip.svg,payhip/presale/listing-assets/l1/l1-cie0580-e5-03/01-cover-main-2320x1520-payhip.png
L1,L1-CIE0580-E5-04,cie0580,CIE 0580 E5-04 Surface Area And Volume Worksheet + Kahoot Companion (Extended),payhip/presale/listing-assets/l1/l1-cie0580-e5-04/01-cover-main-2320x1520-payhip.svg,payhip/presale/listing-assets/l1/l1-cie0580-e5-04/01-cover-main-2320x1520-payhip.png
L1,L1-CIE0580-E5-05,cie0580,CIE 0580 E5-05 Compound Shapes And Parts Of Shapes Worksheet + Kahoot Companion (Extended),payhip/presale/listing-assets/l1/l1-cie0580-e5-05/01-cover-main-2320x1520-payhip.svg,payhip/presale/listing-assets/l1/l1-cie0580-e5-05/01-cover-main-2320x1520-payhip.png
L1,L1-CIE0580-E6-01,cie0580,CIE 0580 E6-01 Pythagoras Theorem Worksheet + Kahoot Companion (Extended),payhip/presale/listing-assets/l1/l1-cie0580-e6-01/01-cover-main-2320x1520-payhip.svg,payhip/presale/listing-assets/l1/l1-cie0580-e6-01/01-cover-main-2320x1520-payhip.png
L1,L1-CIE0580-E6-02,cie0580,CIE 0580 E6-02 Right Angled Triangles Worksheet + Kahoot Companion (Extended),payhip/presale/listing-assets/l1/l1-cie0580-e6-02/01-cover-main-2320x1520-payhip.svg,payhip/presale/listing-assets/l1/l1-cie0580-e6-02/01-cover-main-2320x1520-payhip.png
L1,L1-CIE0580-E6-03,cie0580,CIE 0580 E6-03 Exact Trigonometric Values Worksheet + Kahoot Companion (Extended),payhip/presale/listing-assets/l1/l1-cie0580-e6-03/01-cover-main-2320x1520-payhip.svg,payhip/presale/listing-assets/l1/l1-cie0580-e6-03/01-cover-main-2320x1520-payhip.png
L1,L1-CIE0580-E6-04,cie0580,CIE 0580 E6-04 Trigonometric Functions Worksheet + Kahoot Companion (Extended),payhip/presale/listing-assets/l1/l1-cie0580-e6-04/01-cover-main-2320x1520-payhip.svg,payhip/presale/listing-assets/l1/l1-cie0580-e6-04/01-cover-main-2320x1520-payhip.png
L1,L1-CIE0580-E6-05,cie0580,CIE 0580 E6-05 Non Right Angled Triangles Worksheet + Kahoot Companion (Extended),payhip/presale/listing-assets/l1/l1-cie0580-e6-05/01-cover-main-2320x1520-payhip.svg,payhip/presale/listing-assets/l1/l1-cie0580-e6-05/01-cover-main-2320x1520-payhip.png
L1,L1-CIE0580-E6-06,cie0580,CIE 0580 E6-06 Pythagoras And Trigonometry In 3D Worksheet + Kahoot Companion (Extended),payhip/presale/listing-assets/l1/l1-cie0580-e6-06/01-cover-main-2320x1520-payhip.svg,payhip/presale/listing-assets/l1/l1-cie0580-e6-06/01-cover-main-2320x1520-payhip.png
L1,L1-CIE0580-E7-01,cie0580,CIE 0580 E7-01 Transformations Worksheet + Kahoot Companion (Extended),payhip/presale/listing-assets/l1/l1-cie0580-e7-01/01-cover-main-2320x1520-payhip.svg,payhip/presale/listing-assets/l1/l1-cie0580-e7-01/01-cover-main-2320x1520-payhip.png
L1,L1-CIE0580-E7-02,cie0580,CIE 0580 E7-02 Vectors In Two Dimensions Worksheet + Kahoot Companion (Extended),payhip/presale/listing-assets/l1/l1-cie0580-e7-02/01-cover-main-2320x1520-payhip.svg,payhip/presale/listing-assets/l1/l1-cie0580-e7-02/01-cover-main-2320x1520-payhip.png
L1,L1-CIE0580-E7-03,cie0580,CIE 0580 E7-03 Magnitude Of A Vector Worksheet + Kahoot Companion (Extended),payhip/presale/listing-assets/l1/l1-cie0580-e7-03/01-cover-main-2320x1520-payhip.svg,payhip/presale/listing-assets/l1/l1-cie0580-e7-03/01-cover-main-2320x1520-payhip.png
L1,L1-CIE0580-E7-04,cie0580,CIE 0580 E7-04 Vector Geometry Worksheet + Kahoot Companion (Extended),payhip/presale/listing-assets/l1/l1-cie0580-e7-04/01-cover-main-2320x1520-payhip.svg,payhip/presale/listing-assets/l1/l1-cie0580-e7-04/01-cover-main-2320x1520-payhip.png
L1,L1-CIE0580-E8-01,cie0580,CIE 0580 E8-01 Introduction To Probability Worksheet + Kahoot Companion (Extended),payhip/presale/listing-assets/l1/l1-cie0580-e8-01/01-cover-main-2320x1520-payhip.svg,payhip/presale/listing-assets/l1/l1-cie0580-e8-01/01-cover-main-2320x1520-payhip.png
L1,L1-CIE0580-E8-02,cie0580,CIE 0580 E8-02 Relative And Expected Frequencies Worksheet + Kahoot Companion (Extended),payhip/presale/listing-assets/l1/l1-cie0580-e8-02/01-cover-main-2320x1520-payhip.svg,payhip/presale/listing-assets/l1/l1-cie0580-e8-02/01-cover-main-2320x1520-payhip.png
L1,L1-CIE0580-E8-03,cie0580,CIE 0580 E8-03 Probability Of Combined Events Worksheet + Kahoot Companion (Extended),payhip/presale/listing-assets/l1/l1-cie0580-e8-03/01-cover-main-2320x1520-payhip.svg,payhip/presale/listing-assets/l1/l1-cie0580-e8-03/01-cover-main-2320x1520-payhip.png
L1,L1-CIE0580-E8-04,cie0580,CIE 0580 E8-04 Conditional Probability Worksheet + Kahoot Companion (Extended),payhip/presale/listing-assets/l1/l1-cie0580-e8-04/01-cover-main-2320x1520-payhip.svg,payhip/presale/listing-assets/l1/l1-cie0580-e8-04/01-cover-main-2320x1520-payhip.png
L1,L1-CIE0580-E9-01,cie0580,CIE 0580 E9-01 Classifying Statistical Data Worksheet + Kahoot Companion (Extended),payhip/presale/listing-assets/l1/l1-cie0580-e9-01/01-cover-main-2320x1520-payhip.svg,payhip/presale/listing-assets/l1/l1-cie0580-e9-01/01-cover-main-2320x1520-payhip.png
L1,L1-CIE0580-E9-02,cie0580,CIE 0580 E9-02 Interpreting Statistical Data Worksheet + Kahoot Companion (Extended),payhip/presale/listing-assets/l1/l1-cie0580-e9-02/01-cover-main-2320x1520-payhip.svg,payhip/presale/listing-assets/l1/l1-cie0580-e9-02/01-cover-main-2320x1520-payhip.png
L1,L1-CIE0580-E9-03,cie0580,CIE 0580 E9-03 Averages And Range Worksheet + Kahoot Companion (Extended),payhip/presale/listing-assets/l1/l1-cie0580-e9-03/01-cover-main-2320x1520-payhip.svg,payhip/presale/listing-assets/l1/l1-cie0580-e9-03/01-cover-main-2320x1520-payhip.png
L1,L1-CIE0580-E9-04,cie0580,CIE 0580 E9-04 Statistical Charts And Diagrams Worksheet + Kahoot Companion (Extended),payhip/presale/listing-assets/l1/l1-cie0580-e9-04/01-cover-main-2320x1520-payhip.svg,payhip/presale/listing-assets/l1/l1-cie0580-e9-04/01-cover-main-2320x1520-payhip.png
L1,L1-CIE0580-E9-05,cie0580,CIE 0580 E9-05 Scatter Diagrams Worksheet + Kahoot Companion (Extended),payhip/presale/listing-assets/l1/l1-cie0580-e9-05/01-cover-main-2320x1520-payhip.svg,payhip/presale/listing-assets/l1/l1-cie0580-e9-05/01-cover-main-2320x1520-payhip.png
L1,L1-CIE0580-E9-06,cie0580,CIE 0580 E9-06 Cumulative Frequency Diagrams Worksheet + Kahoot Companion (Extended),payhip/presale/listing-assets/l1/l1-cie0580-e9-06/01-cover-main-2320x1520-payhip.svg,payhip/presale/listing-assets/l1/l1-cie0580-e9-06/01-cover-main-2320x1520-payhip.png
L1,L1-CIE0580-E9-07,cie0580,CIE 0580 E9-07 Histograms Worksheet + Kahoot Companion (Extended),payhip/presale/listing-assets/l1/l1-cie0580-e9-07/01-cover-main-2320x1520-payhip.svg,payhip/presale/listing-assets/l1/l1-cie0580-e9-07/01-cover-main-2320x1520-payhip.png
L1,L1-EDX4MA1-F1-01,edexcel-4ma1,Edexcel 4MA1 F1-01 Integers Worksheet + Kahoot Companion (Foundation),payhip/presale/listing-assets/l1/l1-edx4ma1-f1-01/01-cover-main-2320x1520-payhip.svg,payhip/presale/listing-assets/l1/l1-edx4ma1-f1-01/01-cover-main-2320x1520-payhip.png
L1,L1-EDX4MA1-F1-02,edexcel-4ma1,Edexcel 4MA1 F1-02 Fractions Worksheet + Kahoot Companion (Foundation),payhip/presale/listing-assets/l1/l1-edx4ma1-f1-02/01-cover-main-2320x1520-payhip.svg,payhip/presale/listing-assets/l1/l1-edx4ma1-f1-02/01-cover-main-2320x1520-payhip.png
L1,L1-EDX4MA1-F1-03,edexcel-4ma1,Edexcel 4MA1 F1-03 Decimals Worksheet + Kahoot Companion (Foundation),payhip/presale/listing-assets/l1/l1-edx4ma1-f1-03/01-cover-main-2320x1520-payhip.svg,payhip/presale/listing-assets/l1/l1-edx4ma1-f1-03/01-cover-main-2320x1520-payhip.png
L1,L1-EDX4MA1-F1-04,edexcel-4ma1,Edexcel 4MA1 F1-04 Powers And Roots Worksheet + Kahoot Companion (Foundation),payhip/presale/listing-assets/l1/l1-edx4ma1-f1-04/01-cover-main-2320x1520-payhip.svg,payhip/presale/listing-assets/l1/l1-edx4ma1-f1-04/01-cover-main-2320x1520-payhip.png
L1,L1-EDX4MA1-F1-05,edexcel-4ma1,Edexcel 4MA1 F1-05 Set Language And Notation Worksheet + Kahoot Companion (Foundation),payhip/presale/listing-assets/l1/l1-edx4ma1-f1-05/01-cover-main-2320x1520-payhip.svg,payhip/presale/listing-assets/l1/l1-edx4ma1-f1-05/01-cover-main-2320x1520-payhip.png
L1,L1-EDX4MA1-F1-06,edexcel-4ma1,Edexcel 4MA1 F1-06 Percentages Worksheet + Kahoot Companion (Foundation),payhip/presale/listing-assets/l1/l1-edx4ma1-f1-06/01-cover-main-2320x1520-payhip.svg,payhip/presale/listing-assets/l1/l1-edx4ma1-f1-06/01-cover-main-2320x1520-payhip.png
L1,L1-EDX4MA1-F1-07,edexcel-4ma1,Edexcel 4MA1 F1-07 Ratio And Proportion Worksheet + Kahoot Companion (Foundation),payhip/presale/listing-assets/l1/l1-edx4ma1-f1-07/01-cover-main-2320x1520-payhip.svg,payhip/presale/listing-assets/l1/l1-edx4ma1-f1-07/01-cover-main-2320x1520-payhip.png
L1,L1-EDX4MA1-F1-08,edexcel-4ma1,Edexcel 4MA1 F1-08 Degree Of Accuracy Worksheet + Kahoot Companion (Foundation),payhip/presale/listing-assets/l1/l1-edx4ma1-f1-08/01-cover-main-2320x1520-payhip.svg,payhip/presale/listing-assets/l1/l1-edx4ma1-f1-08/01-cover-main-2320x1520-payhip.png
L1,L1-EDX4MA1-F1-09,edexcel-4ma1,Edexcel 4MA1 F1-09 Standard Form Worksheet + Kahoot Companion (Foundation),payhip/presale/listing-assets/l1/l1-edx4ma1-f1-09/01-cover-main-2320x1520-payhip.svg,payhip/presale/listing-assets/l1/l1-edx4ma1-f1-09/01-cover-main-2320x1520-payhip.png
L1,L1-EDX4MA1-F1-10,edexcel-4ma1,Edexcel 4MA1 F1-10 Applying Number Worksheet + Kahoot Companion (Foundation),payhip/presale/listing-assets/l1/l1-edx4ma1-f1-10/01-cover-main-2320x1520-payhip.svg,payhip/presale/listing-assets/l1/l1-edx4ma1-f1-10/01-cover-main-2320x1520-payhip.png
L1,L1-EDX4MA1-F1-11,edexcel-4ma1,Edexcel 4MA1 F1-11 Electronic Calculators Worksheet + Kahoot Companion (Foundation),payhip/presale/listing-assets/l1/l1-edx4ma1-f1-11/01-cover-main-2320x1520-payhip.svg,payhip/presale/listing-assets/l1/l1-edx4ma1-f1-11/01-cover-main-2320x1520-payhip.png
L1,L1-EDX4MA1-F2-01,edexcel-4ma1,Edexcel 4MA1 F2-01 Use Of Symbols Worksheet + Kahoot Companion (Foundation),payhip/presale/listing-assets/l1/l1-edx4ma1-f2-01/01-cover-main-2320x1520-payhip.svg,payhip/presale/listing-assets/l1/l1-edx4ma1-f2-01/01-cover-main-2320x1520-payhip.png
L1,L1-EDX4MA1-F2-02,edexcel-4ma1,Edexcel 4MA1 F2-02 Algebraic Manipulation Worksheet + Kahoot Companion (Foundation),payhip/presale/listing-assets/l1/l1-edx4ma1-f2-02/01-cover-main-2320x1520-payhip.svg,payhip/presale/listing-assets/l1/l1-edx4ma1-f2-02/01-cover-main-2320x1520-payhip.png
L1,L1-EDX4MA1-F2-03,edexcel-4ma1,Edexcel 4MA1 F2-03 Expressions And Formulae Worksheet + Kahoot Companion (Foundation),payhip/presale/listing-assets/l1/l1-edx4ma1-f2-03/01-cover-main-2320x1520-payhip.svg,payhip/presale/listing-assets/l1/l1-edx4ma1-f2-03/01-cover-main-2320x1520-payhip.png
L1,L1-EDX4MA1-F2-04,edexcel-4ma1,Edexcel 4MA1 F2-04 Linear Equations Worksheet + Kahoot Companion (Foundation),payhip/presale/listing-assets/l1/l1-edx4ma1-f2-04/01-cover-main-2320x1520-payhip.svg,payhip/presale/listing-assets/l1/l1-edx4ma1-f2-04/01-cover-main-2320x1520-payhip.png
L1,L1-EDX4MA1-F2-05,edexcel-4ma1,Edexcel 4MA1 F2-05 Proportion Worksheet + Kahoot Companion (Foundation),payhip/presale/listing-assets/l1/l1-edx4ma1-f2-05/01-cover-main-2320x1520-payhip.svg,payhip/presale/listing-assets/l1/l1-edx4ma1-f2-05/01-cover-main-2320x1520-payhip.png
L1,L1-EDX4MA1-F2-06,edexcel-4ma1,Edexcel 4MA1 F2-06 Simultaneous Linear Equations Worksheet + Kahoot Companion (Foundation),payhip/presale/listing-assets/l1/l1-edx4ma1-f2-06/01-cover-main-2320x1520-payhip.svg,payhip/presale/listing-assets/l1/l1-edx4ma1-f2-06/01-cover-main-2320x1520-payhip.png
L1,L1-EDX4MA1-F2-07,edexcel-4ma1,Edexcel 4MA1 F2-07 Quadratic Equations Worksheet + Kahoot Companion (Foundation),payhip/presale/listing-assets/l1/l1-edx4ma1-f2-07/01-cover-main-2320x1520-payhip.svg,payhip/presale/listing-assets/l1/l1-edx4ma1-f2-07/01-cover-main-2320x1520-payhip.png
L1,L1-EDX4MA1-F2-08,edexcel-4ma1,Edexcel 4MA1 F2-08 Inequalities Worksheet + Kahoot Companion (Foundation),payhip/presale/listing-assets/l1/l1-edx4ma1-f2-08/01-cover-main-2320x1520-payhip.svg,payhip/presale/listing-assets/l1/l1-edx4ma1-f2-08/01-cover-main-2320x1520-payhip.png
L1,L1-EDX4MA1-F3-01,edexcel-4ma1,Edexcel 4MA1 F3-01 Sequences Worksheet + Kahoot Companion (Foundation),payhip/presale/listing-assets/l1/l1-edx4ma1-f3-01/01-cover-main-2320x1520-payhip.svg,payhip/presale/listing-assets/l1/l1-edx4ma1-f3-01/01-cover-main-2320x1520-payhip.png
L1,L1-EDX4MA1-F3-02,edexcel-4ma1,Edexcel 4MA1 F3-02 Function Notation Worksheet + Kahoot Companion (Foundation),payhip/presale/listing-assets/l1/l1-edx4ma1-f3-02/01-cover-main-2320x1520-payhip.svg,payhip/presale/listing-assets/l1/l1-edx4ma1-f3-02/01-cover-main-2320x1520-payhip.png
L1,L1-EDX4MA1-F3-03,edexcel-4ma1,Edexcel 4MA1 F3-03 Graphs Worksheet + Kahoot Companion (Foundation),payhip/presale/listing-assets/l1/l1-edx4ma1-f3-03/01-cover-main-2320x1520-payhip.svg,payhip/presale/listing-assets/l1/l1-edx4ma1-f3-03/01-cover-main-2320x1520-payhip.png
L1,L1-EDX4MA1-F3-04,edexcel-4ma1,Edexcel 4MA1 F3-04 Calculus Worksheet + Kahoot Companion (Foundation),payhip/presale/listing-assets/l1/l1-edx4ma1-f3-04/01-cover-main-2320x1520-payhip.svg,payhip/presale/listing-assets/l1/l1-edx4ma1-f3-04/01-cover-main-2320x1520-payhip.png
L1,L1-EDX4MA1-F4-01,edexcel-4ma1,Edexcel 4MA1 F4-01 Angles Lines And Triangles Worksheet + Kahoot Companion (Foundation),payhip/presale/listing-assets/l1/l1-edx4ma1-f4-01/01-cover-main-2320x1520-payhip.svg,payhip/presale/listing-assets/l1/l1-edx4ma1-f4-01/01-cover-main-2320x1520-payhip.png
L1,L1-EDX4MA1-F4-02,edexcel-4ma1,Edexcel 4MA1 F4-02 Polygons Worksheet + Kahoot Companion (Foundation),payhip/presale/listing-assets/l1/l1-edx4ma1-f4-02/01-cover-main-2320x1520-payhip.svg,payhip/presale/listing-assets/l1/l1-edx4ma1-f4-02/01-cover-main-2320x1520-payhip.png
L1,L1-EDX4MA1-F4-03,edexcel-4ma1,Edexcel 4MA1 F4-03 Symmetry Worksheet + Kahoot Companion (Foundation),payhip/presale/listing-assets/l1/l1-edx4ma1-f4-03/01-cover-main-2320x1520-payhip.svg,payhip/presale/listing-assets/l1/l1-edx4ma1-f4-03/01-cover-main-2320x1520-payhip.png
L1,L1-EDX4MA1-F4-04,edexcel-4ma1,Edexcel 4MA1 F4-04 Measures Worksheet + Kahoot Companion (Foundation),payhip/presale/listing-assets/l1/l1-edx4ma1-f4-04/01-cover-main-2320x1520-payhip.svg,payhip/presale/listing-assets/l1/l1-edx4ma1-f4-04/01-cover-main-2320x1520-payhip.png
L1,L1-EDX4MA1-F4-05,edexcel-4ma1,Edexcel 4MA1 F4-05 Construction Worksheet + Kahoot Companion (Foundation),payhip/presale/listing-assets/l1/l1-edx4ma1-f4-05/01-cover-main-2320x1520-payhip.svg,payhip/presale/listing-assets/l1/l1-edx4ma1-f4-05/01-cover-main-2320x1520-payhip.png
L1,L1-EDX4MA1-F4-06,edexcel-4ma1,Edexcel 4MA1 F4-06 Circle Properties Worksheet + Kahoot Companion (Foundation),payhip/presale/listing-assets/l1/l1-edx4ma1-f4-06/01-cover-main-2320x1520-payhip.svg,payhip/presale/listing-assets/l1/l1-edx4ma1-f4-06/01-cover-main-2320x1520-payhip.png
L1,L1-EDX4MA1-F4-07,edexcel-4ma1,Edexcel 4MA1 F4-07 Geometrical Reasoning Worksheet + Kahoot Companion (Foundation),payhip/presale/listing-assets/l1/l1-edx4ma1-f4-07/01-cover-main-2320x1520-payhip.svg,payhip/presale/listing-assets/l1/l1-edx4ma1-f4-07/01-cover-main-2320x1520-payhip.png
L1,L1-EDX4MA1-F4-08,edexcel-4ma1,Edexcel 4MA1 F4-08 Trigonometry And Pythagoras Theorem Worksheet + Kahoot Companion (Foundation),payhip/presale/listing-assets/l1/l1-edx4ma1-f4-08/01-cover-main-2320x1520-payhip.svg,payhip/presale/listing-assets/l1/l1-edx4ma1-f4-08/01-cover-main-2320x1520-payhip.png
L1,L1-EDX4MA1-F4-09,edexcel-4ma1,Edexcel 4MA1 F4-09 Mensuration Of 2D Shapes Worksheet + Kahoot Companion (Foundation),payhip/presale/listing-assets/l1/l1-edx4ma1-f4-09/01-cover-main-2320x1520-payhip.svg,payhip/presale/listing-assets/l1/l1-edx4ma1-f4-09/01-cover-main-2320x1520-payhip.png
L1,L1-EDX4MA1-F4-10,edexcel-4ma1,Edexcel 4MA1 F4-10 3D Shapes And Volume Worksheet + Kahoot Companion (Foundation),payhip/presale/listing-assets/l1/l1-edx4ma1-f4-10/01-cover-main-2320x1520-payhip.svg,payhip/presale/listing-assets/l1/l1-edx4ma1-f4-10/01-cover-main-2320x1520-payhip.png
L1,L1-EDX4MA1-F4-11,edexcel-4ma1,Edexcel 4MA1 F4-11 Similarity Worksheet + Kahoot Companion (Foundation),payhip/presale/listing-assets/l1/l1-edx4ma1-f4-11/01-cover-main-2320x1520-payhip.svg,payhip/presale/listing-assets/l1/l1-edx4ma1-f4-11/01-cover-main-2320x1520-payhip.png
L1,L1-EDX4MA1-F5-01,edexcel-4ma1,Edexcel 4MA1 F5-01 Vectors Worksheet + Kahoot Companion (Foundation),payhip/presale/listing-assets/l1/l1-edx4ma1-f5-01/01-cover-main-2320x1520-payhip.svg,payhip/presale/listing-assets/l1/l1-edx4ma1-f5-01/01-cover-main-2320x1520-payhip.png
L1,L1-EDX4MA1-F5-02,edexcel-4ma1,Edexcel 4MA1 F5-02 Transformation Geometry Worksheet + Kahoot Companion (Foundation),payhip/presale/listing-assets/l1/l1-edx4ma1-f5-02/01-cover-main-2320x1520-payhip.svg,payhip/presale/listing-assets/l1/l1-edx4ma1-f5-02/01-cover-main-2320x1520-payhip.png
L1,L1-EDX4MA1-F6-01,edexcel-4ma1,Edexcel 4MA1 F6-01 Graphical Representation Of Data Worksheet + Kahoot Companion (Foundation),payhip/presale/listing-assets/l1/l1-edx4ma1-f6-01/01-cover-main-2320x1520-payhip.svg,payhip/presale/listing-assets/l1/l1-edx4ma1-f6-01/01-cover-main-2320x1520-payhip.png
L1,L1-EDX4MA1-F6-02,edexcel-4ma1,Edexcel 4MA1 F6-02 Statistical Measures Worksheet + Kahoot Companion (Foundation),payhip/presale/listing-assets/l1/l1-edx4ma1-f6-02/01-cover-main-2320x1520-payhip.svg,payhip/presale/listing-assets/l1/l1-edx4ma1-f6-02/01-cover-main-2320x1520-payhip.png
L1,L1-EDX4MA1-F6-03,edexcel-4ma1,Edexcel 4MA1 F6-03 Probability Worksheet + Kahoot Companion (Foundation),payhip/presale/listing-assets/l1/l1-edx4ma1-f6-03/01-cover-main-2320x1520-payhip.svg,payhip/presale/listing-assets/l1/l1-edx4ma1-f6-03/01-cover-main-2320x1520-payhip.png
L1,L1-EDX4MA1-H1-01,edexcel-4ma1,Edexcel 4MA1 H1-01 Integers Worksheet + Kahoot Companion (Higher),payhip/presale/listing-assets/l1/l1-edx4ma1-h1-01/01-cover-main-2320x1520-payhip.svg,payhip/presale/listing-assets/l1/l1-edx4ma1-h1-01/01-cover-main-2320x1520-payhip.png
L1,L1-EDX4MA1-H1-02,edexcel-4ma1,Edexcel 4MA1 H1-02 Fractions Worksheet + Kahoot Companion (Higher),payhip/presale/listing-assets/l1/l1-edx4ma1-h1-02/01-cover-main-2320x1520-payhip.svg,payhip/presale/listing-assets/l1/l1-edx4ma1-h1-02/01-cover-main-2320x1520-payhip.png
L1,L1-EDX4MA1-H1-03,edexcel-4ma1,Edexcel 4MA1 H1-03 Decimals Worksheet + Kahoot Companion (Higher),payhip/presale/listing-assets/l1/l1-edx4ma1-h1-03/01-cover-main-2320x1520-payhip.svg,payhip/presale/listing-assets/l1/l1-edx4ma1-h1-03/01-cover-main-2320x1520-payhip.png
L1,L1-EDX4MA1-H1-04,edexcel-4ma1,Edexcel 4MA1 H1-04 Powers And Roots Worksheet + Kahoot Companion (Higher),payhip/presale/listing-assets/l1/l1-edx4ma1-h1-04/01-cover-main-2320x1520-payhip.svg,payhip/presale/listing-assets/l1/l1-edx4ma1-h1-04/01-cover-main-2320x1520-payhip.png
L1,L1-EDX4MA1-H1-05,edexcel-4ma1,Edexcel 4MA1 H1-05 Set Language And Notation Worksheet + Kahoot Companion (Higher),payhip/presale/listing-assets/l1/l1-edx4ma1-h1-05/01-cover-main-2320x1520-payhip.svg,payhip/presale/listing-assets/l1/l1-edx4ma1-h1-05/01-cover-main-2320x1520-payhip.png
L1,L1-EDX4MA1-H1-06,edexcel-4ma1,Edexcel 4MA1 H1-06 Percentages Worksheet + Kahoot Companion (Higher),payhip/presale/listing-assets/l1/l1-edx4ma1-h1-06/01-cover-main-2320x1520-payhip.svg,payhip/presale/listing-assets/l1/l1-edx4ma1-h1-06/01-cover-main-2320x1520-payhip.png
L1,L1-EDX4MA1-H1-07,edexcel-4ma1,Edexcel 4MA1 H1-07 Ratio And Proportion Worksheet + Kahoot Companion (Higher),payhip/presale/listing-assets/l1/l1-edx4ma1-h1-07/01-cover-main-2320x1520-payhip.svg,payhip/presale/listing-assets/l1/l1-edx4ma1-h1-07/01-cover-main-2320x1520-payhip.png
L1,L1-EDX4MA1-H1-08,edexcel-4ma1,Edexcel 4MA1 H1-08 Degree Of Accuracy Worksheet + Kahoot Companion (Higher),payhip/presale/listing-assets/l1/l1-edx4ma1-h1-08/01-cover-main-2320x1520-payhip.svg,payhip/presale/listing-assets/l1/l1-edx4ma1-h1-08/01-cover-main-2320x1520-payhip.png
L1,L1-EDX4MA1-H1-09,edexcel-4ma1,Edexcel 4MA1 H1-09 Standard Form Worksheet + Kahoot Companion (Higher),payhip/presale/listing-assets/l1/l1-edx4ma1-h1-09/01-cover-main-2320x1520-payhip.svg,payhip/presale/listing-assets/l1/l1-edx4ma1-h1-09/01-cover-main-2320x1520-payhip.png
L1,L1-EDX4MA1-H1-10,edexcel-4ma1,Edexcel 4MA1 H1-10 Applying Number Worksheet + Kahoot Companion (Higher),payhip/presale/listing-assets/l1/l1-edx4ma1-h1-10/01-cover-main-2320x1520-payhip.svg,payhip/presale/listing-assets/l1/l1-edx4ma1-h1-10/01-cover-main-2320x1520-payhip.png
L1,L1-EDX4MA1-H1-11,edexcel-4ma1,Edexcel 4MA1 H1-11 Electronic Calculators Worksheet + Kahoot Companion (Higher),payhip/presale/listing-assets/l1/l1-edx4ma1-h1-11/01-cover-main-2320x1520-payhip.svg,payhip/presale/listing-assets/l1/l1-edx4ma1-h1-11/01-cover-main-2320x1520-payhip.png
L1,L1-EDX4MA1-H2-01,edexcel-4ma1,Edexcel 4MA1 H2-01 Use Of Symbols Worksheet + Kahoot Companion (Higher),payhip/presale/listing-assets/l1/l1-edx4ma1-h2-01/01-cover-main-2320x1520-payhip.svg,payhip/presale/listing-assets/l1/l1-edx4ma1-h2-01/01-cover-main-2320x1520-payhip.png
L1,L1-EDX4MA1-H2-02,edexcel-4ma1,Edexcel 4MA1 H2-02 Algebraic Manipulation Worksheet + Kahoot Companion (Higher),payhip/presale/listing-assets/l1/l1-edx4ma1-h2-02/01-cover-main-2320x1520-payhip.svg,payhip/presale/listing-assets/l1/l1-edx4ma1-h2-02/01-cover-main-2320x1520-payhip.png
L1,L1-EDX4MA1-H2-03,edexcel-4ma1,Edexcel 4MA1 H2-03 Expressions And Formulae Worksheet + Kahoot Companion (Higher),payhip/presale/listing-assets/l1/l1-edx4ma1-h2-03/01-cover-main-2320x1520-payhip.svg,payhip/presale/listing-assets/l1/l1-edx4ma1-h2-03/01-cover-main-2320x1520-payhip.png
L1,L1-EDX4MA1-H2-04,edexcel-4ma1,Edexcel 4MA1 H2-04 Linear Equations Worksheet + Kahoot Companion (Higher),payhip/presale/listing-assets/l1/l1-edx4ma1-h2-04/01-cover-main-2320x1520-payhip.svg,payhip/presale/listing-assets/l1/l1-edx4ma1-h2-04/01-cover-main-2320x1520-payhip.png
L1,L1-EDX4MA1-H2-05,edexcel-4ma1,Edexcel 4MA1 H2-05 Proportion Worksheet + Kahoot Companion (Higher),payhip/presale/listing-assets/l1/l1-edx4ma1-h2-05/01-cover-main-2320x1520-payhip.svg,payhip/presale/listing-assets/l1/l1-edx4ma1-h2-05/01-cover-main-2320x1520-payhip.png
L1,L1-EDX4MA1-H2-06,edexcel-4ma1,Edexcel 4MA1 H2-06 Simultaneous Linear Equations Worksheet + Kahoot Companion (Higher),payhip/presale/listing-assets/l1/l1-edx4ma1-h2-06/01-cover-main-2320x1520-payhip.svg,payhip/presale/listing-assets/l1/l1-edx4ma1-h2-06/01-cover-main-2320x1520-payhip.png
L1,L1-EDX4MA1-H2-07,edexcel-4ma1,Edexcel 4MA1 H2-07 Quadratic Equations Worksheet + Kahoot Companion (Higher),payhip/presale/listing-assets/l1/l1-edx4ma1-h2-07/01-cover-main-2320x1520-payhip.svg,payhip/presale/listing-assets/l1/l1-edx4ma1-h2-07/01-cover-main-2320x1520-payhip.png
L1,L1-EDX4MA1-H2-08,edexcel-4ma1,Edexcel 4MA1 H2-08 Inequalities Worksheet + Kahoot Companion (Higher),payhip/presale/listing-assets/l1/l1-edx4ma1-h2-08/01-cover-main-2320x1520-payhip.svg,payhip/presale/listing-assets/l1/l1-edx4ma1-h2-08/01-cover-main-2320x1520-payhip.png
L1,L1-EDX4MA1-H3-01,edexcel-4ma1,Edexcel 4MA1 H3-01 Sequences Worksheet + Kahoot Companion (Higher),payhip/presale/listing-assets/l1/l1-edx4ma1-h3-01/01-cover-main-2320x1520-payhip.svg,payhip/presale/listing-assets/l1/l1-edx4ma1-h3-01/01-cover-main-2320x1520-payhip.png
L1,L1-EDX4MA1-H3-02,edexcel-4ma1,Edexcel 4MA1 H3-02 Function Notation Worksheet + Kahoot Companion (Higher),payhip/presale/listing-assets/l1/l1-edx4ma1-h3-02/01-cover-main-2320x1520-payhip.svg,payhip/presale/listing-assets/l1/l1-edx4ma1-h3-02/01-cover-main-2320x1520-payhip.png
L1,L1-EDX4MA1-H3-03,edexcel-4ma1,Edexcel 4MA1 H3-03 Graphs Worksheet + Kahoot Companion (Higher),payhip/presale/listing-assets/l1/l1-edx4ma1-h3-03/01-cover-main-2320x1520-payhip.svg,payhip/presale/listing-assets/l1/l1-edx4ma1-h3-03/01-cover-main-2320x1520-payhip.png
L1,L1-EDX4MA1-H3-04,edexcel-4ma1,Edexcel 4MA1 H3-04 Calculus Worksheet + Kahoot Companion (Higher),payhip/presale/listing-assets/l1/l1-edx4ma1-h3-04/01-cover-main-2320x1520-payhip.svg,payhip/presale/listing-assets/l1/l1-edx4ma1-h3-04/01-cover-main-2320x1520-payhip.png
L1,L1-EDX4MA1-H4-01,edexcel-4ma1,Edexcel 4MA1 H4-01 Angles Lines And Triangles Worksheet + Kahoot Companion (Higher),payhip/presale/listing-assets/l1/l1-edx4ma1-h4-01/01-cover-main-2320x1520-payhip.svg,payhip/presale/listing-assets/l1/l1-edx4ma1-h4-01/01-cover-main-2320x1520-payhip.png
L1,L1-EDX4MA1-H4-02,edexcel-4ma1,Edexcel 4MA1 H4-02 Polygons Worksheet + Kahoot Companion (Higher),payhip/presale/listing-assets/l1/l1-edx4ma1-h4-02/01-cover-main-2320x1520-payhip.svg,payhip/presale/listing-assets/l1/l1-edx4ma1-h4-02/01-cover-main-2320x1520-payhip.png
L1,L1-EDX4MA1-H4-03,edexcel-4ma1,Edexcel 4MA1 H4-03 Symmetry Worksheet + Kahoot Companion (Higher),payhip/presale/listing-assets/l1/l1-edx4ma1-h4-03/01-cover-main-2320x1520-payhip.svg,payhip/presale/listing-assets/l1/l1-edx4ma1-h4-03/01-cover-main-2320x1520-payhip.png
L1,L1-EDX4MA1-H4-04,edexcel-4ma1,Edexcel 4MA1 H4-04 Measures Worksheet + Kahoot Companion (Higher),payhip/presale/listing-assets/l1/l1-edx4ma1-h4-04/01-cover-main-2320x1520-payhip.svg,payhip/presale/listing-assets/l1/l1-edx4ma1-h4-04/01-cover-main-2320x1520-payhip.png
L1,L1-EDX4MA1-H4-05,edexcel-4ma1,Edexcel 4MA1 H4-05 Construction Worksheet + Kahoot Companion (Higher),payhip/presale/listing-assets/l1/l1-edx4ma1-h4-05/01-cover-main-2320x1520-payhip.svg,payhip/presale/listing-assets/l1/l1-edx4ma1-h4-05/01-cover-main-2320x1520-payhip.png
L1,L1-EDX4MA1-H4-06,edexcel-4ma1,Edexcel 4MA1 H4-06 Circle Properties Worksheet + Kahoot Companion (Higher),payhip/presale/listing-assets/l1/l1-edx4ma1-h4-06/01-cover-main-2320x1520-payhip.svg,payhip/presale/listing-assets/l1/l1-edx4ma1-h4-06/01-cover-main-2320x1520-payhip.png
L1,L1-EDX4MA1-H4-07,edexcel-4ma1,Edexcel 4MA1 H4-07 Geometrical Reasoning Worksheet + Kahoot Companion (Higher),payhip/presale/listing-assets/l1/l1-edx4ma1-h4-07/01-cover-main-2320x1520-payhip.svg,payhip/presale/listing-assets/l1/l1-edx4ma1-h4-07/01-cover-main-2320x1520-payhip.png
L1,L1-EDX4MA1-H4-08,edexcel-4ma1,Edexcel 4MA1 H4-08 Trigonometry And Pythagoras Theorem Worksheet + Kahoot Companion (Higher),payhip/presale/listing-assets/l1/l1-edx4ma1-h4-08/01-cover-main-2320x1520-payhip.svg,payhip/presale/listing-assets/l1/l1-edx4ma1-h4-08/01-cover-main-2320x1520-payhip.png
L1,L1-EDX4MA1-H4-09,edexcel-4ma1,Edexcel 4MA1 H4-09 Mensuration Worksheet + Kahoot Companion (Higher),payhip/presale/listing-assets/l1/l1-edx4ma1-h4-09/01-cover-main-2320x1520-payhip.svg,payhip/presale/listing-assets/l1/l1-edx4ma1-h4-09/01-cover-main-2320x1520-payhip.png
L1,L1-EDX4MA1-H4-10,edexcel-4ma1,Edexcel 4MA1 H4-10 3D Shapes And Volume Worksheet + Kahoot Companion (Higher),payhip/presale/listing-assets/l1/l1-edx4ma1-h4-10/01-cover-main-2320x1520-payhip.svg,payhip/presale/listing-assets/l1/l1-edx4ma1-h4-10/01-cover-main-2320x1520-payhip.png
L1,L1-EDX4MA1-H4-11,edexcel-4ma1,Edexcel 4MA1 H4-11 Similarity Worksheet + Kahoot Companion (Higher),payhip/presale/listing-assets/l1/l1-edx4ma1-h4-11/01-cover-main-2320x1520-payhip.svg,payhip/presale/listing-assets/l1/l1-edx4ma1-h4-11/01-cover-main-2320x1520-payhip.png
L1,L1-EDX4MA1-H5-01,edexcel-4ma1,Edexcel 4MA1 H5-01 Vectors Worksheet + Kahoot Companion (Higher),payhip/presale/listing-assets/l1/l1-edx4ma1-h5-01/01-cover-main-2320x1520-payhip.svg,payhip/presale/listing-assets/l1/l1-edx4ma1-h5-01/01-cover-main-2320x1520-payhip.png
L1,L1-EDX4MA1-H5-02,edexcel-4ma1,Edexcel 4MA1 H5-02 Transformation Geometry Worksheet + Kahoot Companion (Higher),payhip/presale/listing-assets/l1/l1-edx4ma1-h5-02/01-cover-main-2320x1520-payhip.svg,payhip/presale/listing-assets/l1/l1-edx4ma1-h5-02/01-cover-main-2320x1520-payhip.png
L1,L1-EDX4MA1-H6-01,edexcel-4ma1,Edexcel 4MA1 H6-01 Graphical Representation Of Data Worksheet + Kahoot Companion (Higher),payhip/presale/listing-assets/l1/l1-edx4ma1-h6-01/01-cover-main-2320x1520-payhip.svg,payhip/presale/listing-assets/l1/l1-edx4ma1-h6-01/01-cover-main-2320x1520-payhip.png
L1,L1-EDX4MA1-H6-02,edexcel-4ma1,Edexcel 4MA1 H6-02 Statistical Measures Worksheet + Kahoot Companion (Higher),payhip/presale/listing-assets/l1/l1-edx4ma1-h6-02/01-cover-main-2320x1520-payhip.svg,payhip/presale/listing-assets/l1/l1-edx4ma1-h6-02/01-cover-main-2320x1520-payhip.png
L1,L1-EDX4MA1-H6-03,edexcel-4ma1,Edexcel 4MA1 H6-03 Probability Worksheet + Kahoot Companion (Higher),payhip/presale/listing-assets/l1/l1-edx4ma1-h6-03/01-cover-main-2320x1520-payhip.svg,payhip/presale/listing-assets/l1/l1-edx4ma1-h6-03/01-cover-main-2320x1520-payhip.png
L2,L2-CIE0580-C1,cie0580,CIE 0580 C1 Number (Core) Section Bundle,payhip/presale/listing-assets/l2/l2-cie0580-c1/01-cover-main-2320x1520-payhip.svg,payhip/presale/listing-assets/l2/l2-cie0580-c1/01-cover-main-2320x1520-payhip.png
L2,L2-CIE0580-C2,cie0580,CIE 0580 C2 Algebra and Graphs (Core) Section Bundle,payhip/presale/listing-assets/l2/l2-cie0580-c2/01-cover-main-2320x1520-payhip.svg,payhip/presale/listing-assets/l2/l2-cie0580-c2/01-cover-main-2320x1520-payhip.png
L2,L2-CIE0580-C3,cie0580,CIE 0580 C3 Coordinate Geometry (Core) Section Bundle,payhip/presale/listing-assets/l2/l2-cie0580-c3/01-cover-main-2320x1520-payhip.svg,payhip/presale/listing-assets/l2/l2-cie0580-c3/01-cover-main-2320x1520-payhip.png
L2,L2-CIE0580-C4,cie0580,CIE 0580 C4 Geometry (Core) Section Bundle,payhip/presale/listing-assets/l2/l2-cie0580-c4/01-cover-main-2320x1520-payhip.svg,payhip/presale/listing-assets/l2/l2-cie0580-c4/01-cover-main-2320x1520-payhip.png
L2,L2-CIE0580-C5,cie0580,CIE 0580 C5 Mensuration (Core) Section Bundle,payhip/presale/listing-assets/l2/l2-cie0580-c5/01-cover-main-2320x1520-payhip.svg,payhip/presale/listing-assets/l2/l2-cie0580-c5/01-cover-main-2320x1520-payhip.png
L2,L2-CIE0580-C6,cie0580,CIE 0580 C6 Trigonometry (Core) Section Bundle,payhip/presale/listing-assets/l2/l2-cie0580-c6/01-cover-main-2320x1520-payhip.svg,payhip/presale/listing-assets/l2/l2-cie0580-c6/01-cover-main-2320x1520-payhip.png
L2,L2-CIE0580-C7,cie0580,CIE 0580 C7 Transformations and Vectors (Core) Section Bundle,payhip/presale/listing-assets/l2/l2-cie0580-c7/01-cover-main-2320x1520-payhip.svg,payhip/presale/listing-assets/l2/l2-cie0580-c7/01-cover-main-2320x1520-payhip.png
L2,L2-CIE0580-C8,cie0580,CIE 0580 C8 Probability (Core) Section Bundle,payhip/presale/listing-assets/l2/l2-cie0580-c8/01-cover-main-2320x1520-payhip.svg,payhip/presale/listing-assets/l2/l2-cie0580-c8/01-cover-main-2320x1520-payhip.png
L2,L2-CIE0580-C9,cie0580,CIE 0580 C9 Statistics (Core) Section Bundle,payhip/presale/listing-assets/l2/l2-cie0580-c9/01-cover-main-2320x1520-payhip.svg,payhip/presale/listing-assets/l2/l2-cie0580-c9/01-cover-main-2320x1520-payhip.png
L2,L2-CIE0580-E1,cie0580,CIE 0580 E1 Number (Extended) Section Bundle,payhip/presale/listing-assets/l2/l2-cie0580-e1/01-cover-main-2320x1520-payhip.svg,payhip/presale/listing-assets/l2/l2-cie0580-e1/01-cover-main-2320x1520-payhip.png
L2,L2-CIE0580-E2,cie0580,CIE 0580 E2 Algebra and Graphs (Extended) Section Bundle,payhip/presale/listing-assets/l2/l2-cie0580-e2/01-cover-main-2320x1520-payhip.svg,payhip/presale/listing-assets/l2/l2-cie0580-e2/01-cover-main-2320x1520-payhip.png
L2,L2-CIE0580-E3,cie0580,CIE 0580 E3 Coordinate Geometry (Extended) Section Bundle,payhip/presale/listing-assets/l2/l2-cie0580-e3/01-cover-main-2320x1520-payhip.svg,payhip/presale/listing-assets/l2/l2-cie0580-e3/01-cover-main-2320x1520-payhip.png
L2,L2-CIE0580-E4,cie0580,CIE 0580 E4 Geometry (Extended) Section Bundle,payhip/presale/listing-assets/l2/l2-cie0580-e4/01-cover-main-2320x1520-payhip.svg,payhip/presale/listing-assets/l2/l2-cie0580-e4/01-cover-main-2320x1520-payhip.png
L2,L2-CIE0580-E5,cie0580,CIE 0580 E5 Mensuration (Extended) Section Bundle,payhip/presale/listing-assets/l2/l2-cie0580-e5/01-cover-main-2320x1520-payhip.svg,payhip/presale/listing-assets/l2/l2-cie0580-e5/01-cover-main-2320x1520-payhip.png
L2,L2-CIE0580-E6,cie0580,CIE 0580 E6 Trigonometry (Extended) Section Bundle,payhip/presale/listing-assets/l2/l2-cie0580-e6/01-cover-main-2320x1520-payhip.svg,payhip/presale/listing-assets/l2/l2-cie0580-e6/01-cover-main-2320x1520-payhip.png
L2,L2-CIE0580-E7,cie0580,CIE 0580 E7 Transformations and Vectors (Extended) Section Bundle,payhip/presale/listing-assets/l2/l2-cie0580-e7/01-cover-main-2320x1520-payhip.svg,payhip/presale/listing-assets/l2/l2-cie0580-e7/01-cover-main-2320x1520-payhip.png
L2,L2-CIE0580-E8,cie0580,CIE 0580 E8 Probability (Extended) Section Bundle,payhip/presale/listing-assets/l2/l2-cie0580-e8/01-cover-main-2320x1520-payhip.svg,payhip/presale/listing-assets/l2/l2-cie0580-e8/01-cover-main-2320x1520-payhip.png
L2,L2-CIE0580-E9,cie0580,CIE 0580 E9 Statistics (Extended) Section Bundle,payhip/presale/listing-assets/l2/l2-cie0580-e9/01-cover-main-2320x1520-payhip.svg,payhip/presale/listing-assets/l2/l2-cie0580-e9/01-cover-main-2320x1520-payhip.png
L2,L2-EDX4MA1-F1,edexcel-4ma1,Edexcel 4MA1 F1 Number and Arithmetic (Foundation) Section Bundle,payhip/presale/listing-assets/l2/l2-edx4ma1-f1/01-cover-main-2320x1520-payhip.svg,payhip/presale/listing-assets/l2/l2-edx4ma1-f1/01-cover-main-2320x1520-payhip.png
L2,L2-EDX4MA1-F2,edexcel-4ma1,"Edexcel 4MA1 F2 Equations, Formulae and Identities (Foundation) Section Bundle",payhip/presale/listing-assets/l2/l2-edx4ma1-f2/01-cover-main-2320x1520-payhip.svg,payhip/presale/listing-assets/l2/l2-edx4ma1-f2/01-cover-main-2320x1520-payhip.png
L2,L2-EDX4MA1-F3,edexcel-4ma1,"Edexcel 4MA1 F3 Functions, Sequences and Graphs (Foundation) Section Bundle",payhip/presale/listing-assets/l2/l2-edx4ma1-f3/01-cover-main-2320x1520-payhip.svg,payhip/presale/listing-assets/l2/l2-edx4ma1-f3/01-cover-main-2320x1520-payhip.png
L2,L2-EDX4MA1-F4,edexcel-4ma1,Edexcel 4MA1 F4 Geometry and Mensuration (Foundation) Section Bundle,payhip/presale/listing-assets/l2/l2-edx4ma1-f4/01-cover-main-2320x1520-payhip.svg,payhip/presale/listing-assets/l2/l2-edx4ma1-f4/01-cover-main-2320x1520-payhip.png
L2,L2-EDX4MA1-F5,edexcel-4ma1,Edexcel 4MA1 F5 Vectors and Transformations (Foundation) Section Bundle,payhip/presale/listing-assets/l2/l2-edx4ma1-f5/01-cover-main-2320x1520-payhip.svg,payhip/presale/listing-assets/l2/l2-edx4ma1-f5/01-cover-main-2320x1520-payhip.png
L2,L2-EDX4MA1-F6,edexcel-4ma1,Edexcel 4MA1 F6 Statistics and Probability (Foundation) Section Bundle,payhip/presale/listing-assets/l2/l2-edx4ma1-f6/01-cover-main-2320x1520-payhip.svg,payhip/presale/listing-assets/l2/l2-edx4ma1-f6/01-cover-main-2320x1520-payhip.png
L2,L2-EDX4MA1-H1,edexcel-4ma1,Edexcel 4MA1 H1 Number and Arithmetic (Higher) Section Bundle,payhip/presale/listing-assets/l2/l2-edx4ma1-h1/01-cover-main-2320x1520-payhip.svg,payhip/presale/listing-assets/l2/l2-edx4ma1-h1/01-cover-main-2320x1520-payhip.png
L2,L2-EDX4MA1-H2,edexcel-4ma1,"Edexcel 4MA1 H2 Equations, Formulae and Identities (Higher) Section Bundle",payhip/presale/listing-assets/l2/l2-edx4ma1-h2/01-cover-main-2320x1520-payhip.svg,payhip/presale/listing-assets/l2/l2-edx4ma1-h2/01-cover-main-2320x1520-payhip.png
L2,L2-EDX4MA1-H3,edexcel-4ma1,"Edexcel 4MA1 H3 Functions, Sequences and Graphs (Higher) Section Bundle",payhip/presale/listing-assets/l2/l2-edx4ma1-h3/01-cover-main-2320x1520-payhip.svg,payhip/presale/listing-assets/l2/l2-edx4ma1-h3/01-cover-main-2320x1520-payhip.png
L2,L2-EDX4MA1-H4,edexcel-4ma1,Edexcel 4MA1 H4 Geometry and Mensuration (Higher) Section Bundle,payhip/presale/listing-assets/l2/l2-edx4ma1-h4/01-cover-main-2320x1520-payhip.svg,payhip/presale/listing-assets/l2/l2-edx4ma1-h4/01-cover-main-2320x1520-payhip.png
L2,L2-EDX4MA1-H5,edexcel-4ma1,Edexcel 4MA1 H5 Vectors and Transformations (Higher) Section Bundle,payhip/presale/listing-assets/l2/l2-edx4ma1-h5/01-cover-main-2320x1520-payhip.svg,payhip/presale/listing-assets/l2/l2-edx4ma1-h5/01-cover-main-2320x1520-payhip.png
L2,L2-EDX4MA1-H6,edexcel-4ma1,Edexcel 4MA1 H6 Statistics and Probability (Higher) Section Bundle,payhip/presale/listing-assets/l2/l2-edx4ma1-h6/01-cover-main-2320x1520-payhip.svg,payhip/presale/listing-assets/l2/l2-edx4ma1-h6/01-cover-main-2320x1520-payhip.png
L3,L3-CIE0580-U1,cie0580,CIE 0580 U1 Number Unit Bundle,payhip/presale/listing-assets/l3/l3-cie0580-u1/01-cover-main-2320x1520-payhip.svg,payhip/presale/listing-assets/l3/l3-cie0580-u1/01-cover-main-2320x1520-payhip.png
L3,L3-CIE0580-U2,cie0580,CIE 0580 U2 Algebra and Graphs Unit Bundle,payhip/presale/listing-assets/l3/l3-cie0580-u2/01-cover-main-2320x1520-payhip.svg,payhip/presale/listing-assets/l3/l3-cie0580-u2/01-cover-main-2320x1520-payhip.png
L3,L3-CIE0580-U3,cie0580,CIE 0580 U3 Coordinate Geometry Unit Bundle,payhip/presale/listing-assets/l3/l3-cie0580-u3/01-cover-main-2320x1520-payhip.svg,payhip/presale/listing-assets/l3/l3-cie0580-u3/01-cover-main-2320x1520-payhip.png
L3,L3-CIE0580-U4,cie0580,CIE 0580 U4 Geometry Unit Bundle,payhip/presale/listing-assets/l3/l3-cie0580-u4/01-cover-main-2320x1520-payhip.svg,payhip/presale/listing-assets/l3/l3-cie0580-u4/01-cover-main-2320x1520-payhip.png
L3,L3-CIE0580-U5,cie0580,CIE 0580 U5 Mensuration Unit Bundle,payhip/presale/listing-assets/l3/l3-cie0580-u5/01-cover-main-2320x1520-payhip.svg,payhip/presale/listing-assets/l3/l3-cie0580-u5/01-cover-main-2320x1520-payhip.png
L3,L3-CIE0580-U6,cie0580,CIE 0580 U6 Trigonometry Unit Bundle,payhip/presale/listing-assets/l3/l3-cie0580-u6/01-cover-main-2320x1520-payhip.svg,payhip/presale/listing-assets/l3/l3-cie0580-u6/01-cover-main-2320x1520-payhip.png
L3,L3-CIE0580-U7,cie0580,CIE 0580 U7 Transformations and Vectors Unit Bundle,payhip/presale/listing-assets/l3/l3-cie0580-u7/01-cover-main-2320x1520-payhip.svg,payhip/presale/listing-assets/l3/l3-cie0580-u7/01-cover-main-2320x1520-payhip.png
L3,L3-CIE0580-U8,cie0580,CIE 0580 U8 Probability Unit Bundle,payhip/presale/listing-assets/l3/l3-cie0580-u8/01-cover-main-2320x1520-payhip.svg,payhip/presale/listing-assets/l3/l3-cie0580-u8/01-cover-main-2320x1520-payhip.png
L3,L3-CIE0580-U9,cie0580,CIE 0580 U9 Statistics Unit Bundle,payhip/presale/listing-assets/l3/l3-cie0580-u9/01-cover-main-2320x1520-payhip.svg,payhip/presale/listing-assets/l3/l3-cie0580-u9/01-cover-main-2320x1520-payhip.png
L3,L3-EDX4MA1-U1,edexcel-4ma1,Edexcel 4MA1 U1 Number and Arithmetic Unit Bundle,payhip/presale/listing-assets/l3/l3-edx4ma1-u1/01-cover-main-2320x1520-payhip.svg,payhip/presale/listing-assets/l3/l3-edx4ma1-u1/01-cover-main-2320x1520-payhip.png
L3,L3-EDX4MA1-U2,edexcel-4ma1,"Edexcel 4MA1 U2 Equations, Formulae and Identities Unit Bundle",payhip/presale/listing-assets/l3/l3-edx4ma1-u2/01-cover-main-2320x1520-payhip.svg,payhip/presale/listing-assets/l3/l3-edx4ma1-u2/01-cover-main-2320x1520-payhip.png
L3,L3-EDX4MA1-U3,edexcel-4ma1,"Edexcel 4MA1 U3 Functions, Sequences and Graphs Unit Bundle",payhip/presale/listing-assets/l3/l3-edx4ma1-u3/01-cover-main-2320x1520-payhip.svg,payhip/presale/listing-assets/l3/l3-edx4ma1-u3/01-cover-main-2320x1520-payhip.png
L3,L3-EDX4MA1-U4,edexcel-4ma1,Edexcel 4MA1 U4 Geometry and Mensuration Unit Bundle,payhip/presale/listing-assets/l3/l3-edx4ma1-u4/01-cover-main-2320x1520-payhip.svg,payhip/presale/listing-assets/l3/l3-edx4ma1-u4/01-cover-main-2320x1520-payhip.png
L3,L3-EDX4MA1-U5,edexcel-4ma1,Edexcel 4MA1 U5 Vectors and Transformations Unit Bundle,payhip/presale/listing-assets/l3/l3-edx4ma1-u5/01-cover-main-2320x1520-payhip.svg,payhip/presale/listing-assets/l3/l3-edx4ma1-u5/01-cover-main-2320x1520-payhip.png
L3,L3-EDX4MA1-U6,edexcel-4ma1,Edexcel 4MA1 U6 Statistics and Probability Unit Bundle,payhip/presale/listing-assets/l3/l3-edx4ma1-u6/01-cover-main-2320x1520-payhip.svg,payhip/presale/listing-assets/l3/l3-edx4ma1-u6/01-cover-main-2320x1520-payhip.png
L4,L4-CIE0580-ALLUNITS,cie0580,CIE 0580 All-Units Mega Bundle,payhip/presale/listing-assets/l4/l4-cie0580-allunits/01-cover-main-2320x1520-payhip.svg,payhip/presale/listing-assets/l4/l4-cie0580-allunits/01-cover-main-2320x1520-payhip.png
L4,L4-EDX4MA1-ALLUNITS,edexcel-4ma1,Edexcel 4MA1 All-Units Mega Bundle,payhip/presale/listing-assets/l4/l4-edx4ma1-allunits/01-cover-main-2320x1520-payhip.svg,payhip/presale/listing-assets/l4/l4-edx4ma1-allunits/01-cover-main-2320x1520-payhip.png
