sku,level,board,listing_title,source_slug_candidate,source_payhip_url_seed,final_payhip_url,update_target_file,update_target_key_path,status_backfilled,status_verified_live,notes
L1-CIE0580-C1-01,L1,cie0580,CIE 0580 C1-01 Types Of Number Worksheet + Kahoot Companion (Core),l1-cie0580-c1-01,https://payhip.com/25maths?src=kahoot_cie0580_l1&asset=c1-01,https://payhip.com/b/vknup,_data/kahoot_subtopic_links.json,links[sku=L1-CIE0580-C1-01].worksheet_payhip_url,yes,yes,User provided final Payhip URL on 2026-02-20. Synced from _data/kahoot_subtopic_links.json on 2026-02-23. Verified live (HTTP 200) on 2026-02-23.
L1-CIE0580-C1-02,L1,cie0580,CIE 0580 C1-02 Sets Worksheet + Kahoot Companion (Core),l1-cie0580-c1-02,https://payhip.com/25maths?src=kahoot_cie0580_l1&asset=c1-02,https://payhip.com/b/fgJ9w,_data/kahoot_subtopic_links.json,links[sku=L1-CIE0580-C1-02].worksheet_payhip_url,yes,yes,User provided final Payhip URL on 2026-02-20. Synced from _data/kahoot_subtopic_links.json on 2026-02-23. Verified live (HTTP 200) on 2026-02-23.
L1-CIE0580-C1-03,L1,cie0580,CIE 0580 C1-03 Powers And Roots Worksheet + Kahoot Companion (Core),l1-cie0580-c1-03,https://payhip.com/25maths?src=kahoot_cie0580_l1&asset=c1-03,https://payhip.com/b/vcAzs,_data/kahoot_subtopic_links.json,links[sku=L1-CIE0580-C1-03].worksheet_payhip_url,yes,yes,Synced from _data/kahoot_subtopic_links.json on 2026-02-23. Verified live (HTTP 200) on 2026-02-23.
L1-CIE0580-C1-04,L1,cie0580,CIE 0580 C1-04 Fractions Decimals Percentages Worksheet + Kahoot Companion (Core),l1-cie0580-c1-04,https://payhip.com/25maths?src=kahoot_cie0580_l1&asset=c1-04,https://payhip.com/b/rPFUm,_data/kahoot_subtopic_links.json,links[sku=L1-CIE0580-C1-04].worksheet_payhip_url,yes,yes,Synced from _data/kahoot_subtopic_links.json on 2026-02-23. Verified live (HTTP 200) on 2026-02-23.
L1-CIE0580-C1-05,L1,cie0580,CIE 0580 C1-05 Ordering Worksheet + Kahoot Companion (Core),l1-cie0580-c1-05,https://payhip.com/25maths?src=kahoot_cie0580_l1&asset=c1-05,https://payhip.com/b/O3WfI,_data/kahoot_subtopic_links.json,links[sku=L1-CIE0580-C1-05].worksheet_payhip_url,yes,yes,Synced from _data/kahoot_subtopic_links.json on 2026-02-23. Verified live (HTTP 200) on 2026-02-23.
L1-CIE0580-C1-06,L1,cie0580,CIE 0580 C1-06 Four Operations Worksheet + Kahoot Companion (Core),l1-cie0580-c1-06,https://payhip.com/25maths?src=kahoot_cie0580_l1&asset=c1-06,https://payhip.com/b/rURBl,_data/kahoot_subtopic_links.json,links[sku=L1-CIE0580-C1-06].worksheet_payhip_url,yes,yes,Synced from _data/kahoot_subtopic_links.json on 2026-02-23. Verified live (HTTP 200) on 2026-02-23.
L1-CIE0580-C1-07,L1,cie0580,CIE 0580 C1-07 Indices I Worksheet + Kahoot Companion (Core),l1-cie0580-c1-07,https://payhip.com/25maths?src=kahoot_cie0580_l1&asset=c1-07,https://payhip.com/b/Hq7Jc,_data/kahoot_subtopic_links.json,links[sku=L1-CIE0580-C1-07].worksheet_payhip_url,yes,yes,Synced from _data/kahoot_subtopic_links.json on 2026-02-23. Verified live (HTTP 200) on 2026-02-23.
L1-CIE0580-C1-08,L1,cie0580,CIE 0580 C1-08 Standard Form Worksheet + Kahoot Companion (Core),l1-cie0580-c1-08,https://payhip.com/25maths?src=kahoot_cie0580_l1&asset=c1-08,https://payhip.com/b/xHNkh,_data/kahoot_subtopic_links.json,links[sku=L1-CIE0580-C1-08].worksheet_payhip_url,yes,yes,Synced from _data/kahoot_subtopic_links.json on 2026-02-23. Verified live (HTTP 200) on 2026-02-23.
L1-CIE0580-C1-09,L1,cie0580,CIE 0580 C1-09 Estimation And Approximation Worksheet + Kahoot Companion (Core),l1-cie0580-c1-09,https://payhip.com/25maths?src=kahoot_cie0580_l1&asset=c1-09,https://payhip.com/b/GHgD3,_data/kahoot_subtopic_links.json,links[sku=L1-CIE0580-C1-09].worksheet_payhip_url,yes,yes,Synced from _data/kahoot_subtopic_links.json on 2026-02-23. Verified live (HTTP 200) on 2026-02-23.
L1-CIE0580-C1-10,L1,cie0580,CIE 0580 C1-10 Limits Of Accuracy Worksheet + Kahoot Companion (Core),l1-cie0580-c1-10,https://payhip.com/25maths?src=kahoot_cie0580_l1&asset=c1-10,https://payhip.com/b/qIndv,_data/kahoot_subtopic_links.json,links[sku=L1-CIE0580-C1-10].worksheet_payhip_url,yes,yes,Synced from _data/kahoot_subtopic_links.json on 2026-02-23. Verified live (HTTP 200) on 2026-02-23.
L1-CIE0580-C1-11,L1,cie0580,CIE 0580 C1-11 Ratio And Proportion Worksheet + Kahoot Companion (Core),l1-cie0580-c1-11,https://payhip.com/25maths?src=kahoot_cie0580_l1&asset=c1-11,https://payhip.com/b/2DnTA,_data/kahoot_subtopic_links.json,links[sku=L1-CIE0580-C1-11].worksheet_payhip_url,yes,yes,Synced from _data/kahoot_subtopic_links.json on 2026-02-23. Verified live (HTTP 200) on 2026-02-23.
L1-CIE0580-C1-12,L1,cie0580,CIE 0580 C1-12 Rates Worksheet + Kahoot Companion (Core),l1-cie0580-c1-12,https://payhip.com/25maths?src=kahoot_cie0580_l1&asset=c1-12,https://payhip.com/b/c7hZG,_data/kahoot_subtopic_links.json,links[sku=L1-CIE0580-C1-12].worksheet_payhip_url,yes,yes,Synced from _data/kahoot_subtopic_links.json on 2026-02-23. Verified live (HTTP 200) on 2026-02-23.
L1-CIE0580-C1-13,L1,cie0580,CIE 0580 C1-13 Percentages Worksheet + Kahoot Companion (Core),l1-cie0580-c1-13,https://payhip.com/25maths?src=kahoot_cie0580_l1&asset=c1-13,https://payhip.com/b/iQz60,_data/kahoot_subtopic_links.json,links[sku=L1-CIE0580-C1-13].worksheet_payhip_url,yes,yes,Synced from _data/kahoot_subtopic_links.json on 2026-02-23. Verified live (HTTP 200) on 2026-02-23.
L1-CIE0580-C1-14,L1,cie0580,CIE 0580 C1-14 Using A Calculator Worksheet + Kahoot Companion (Core),l1-cie0580-c1-14,https://payhip.com/25maths?src=kahoot_cie0580_l1&asset=c1-14,https://payhip.com/b/BJHGu,_data/kahoot_subtopic_links.json,links[sku=L1-CIE0580-C1-14].worksheet_payhip_url,yes,yes,Synced from _data/kahoot_subtopic_links.json on 2026-02-23. Verified live (HTTP 200) on 2026-02-23.
L1-CIE0580-C1-15,L1,cie0580,CIE 0580 C1-15 Time Worksheet + Kahoot Companion (Core),l1-cie0580-c1-15,https://payhip.com/25maths?src=kahoot_cie0580_l1&asset=c1-15,https://payhip.com/b/iOtHy,_data/kahoot_subtopic_links.json,links[sku=L1-CIE0580-C1-15].worksheet_payhip_url,yes,yes,Synced from _data/kahoot_subtopic_links.json on 2026-02-23. Verified live (HTTP 200) on 2026-02-23.
L1-CIE0580-C1-16,L1,cie0580,CIE 0580 C1-16 Money Worksheet + Kahoot Companion (Core),l1-cie0580-c1-16,https://payhip.com/25maths?src=kahoot_cie0580_l1&asset=c1-16,https://payhip.com/b/Rvpbi,_data/kahoot_subtopic_links.json,links[sku=L1-CIE0580-C1-16].worksheet_payhip_url,yes,yes,Synced from _data/kahoot_subtopic_links.json on 2026-02-23. Verified live (HTTP 200) on 2026-02-23.
L1-CIE0580-C2-01,L1,cie0580,CIE 0580 C2-01 Introduction To Algebra Worksheet + Kahoot Companion (Core),l1-cie0580-c2-01,https://payhip.com/25maths?src=kahoot_cie0580_l1&asset=c2-01,https://payhip.com/b/J3iK4,_data/kahoot_subtopic_links.json,links[sku=L1-CIE0580-C2-01].worksheet_payhip_url,yes,yes,Synced from _data/kahoot_subtopic_links.json on 2026-02-23. Verified live (HTTP 200) on 2026-02-23.
L1-CIE0580-C2-02,L1,cie0580,CIE 0580 C2-02 Algebraic Manipulation Worksheet + Kahoot Companion (Core),l1-cie0580-c2-02,https://payhip.com/25maths?src=kahoot_cie0580_l1&asset=c2-02,https://payhip.com/b/oyXVL,_data/kahoot_subtopic_links.json,links[sku=L1-CIE0580-C2-02].worksheet_payhip_url,yes,yes,Synced from _data/kahoot_subtopic_links.json on 2026-02-23. Verified live (HTTP 200) on 2026-02-23.
L1-CIE0580-C2-04,L1,cie0580,CIE 0580 C2-04 Indices Ii Worksheet + Kahoot Companion (Core),l1-cie0580-c2-04,https://payhip.com/25maths?src=kahoot_cie0580_l1&asset=c2-04,https://payhip.com/b/6DEsU,_data/kahoot_subtopic_links.json,links[sku=L1-CIE0580-C2-04].worksheet_payhip_url,yes,yes,Synced from _data/kahoot_subtopic_links.json on 2026-02-23. Verified live (HTTP 200) on 2026-02-23.
L1-CIE0580-C2-05,L1,cie0580,CIE 0580 C2-05 Equations Worksheet + Kahoot Companion (Core),l1-cie0580-c2-05,https://payhip.com/25maths?src=kahoot_cie0580_l1&asset=c2-05,https://payhip.com/b/R6qT5,_data/kahoot_subtopic_links.json,links[sku=L1-CIE0580-C2-05].worksheet_payhip_url,yes,yes,Synced from _data/kahoot_subtopic_links.json on 2026-02-23. Verified live (HTTP 200) on 2026-02-23.
L1-CIE0580-C2-06,L1,cie0580,CIE 0580 C2-06 Inequalities Worksheet + Kahoot Companion (Core),l1-cie0580-c2-06,https://payhip.com/25maths?src=kahoot_cie0580_l1&asset=c2-06,https://payhip.com/b/obXDj,_data/kahoot_subtopic_links.json,links[sku=L1-CIE0580-C2-06].worksheet_payhip_url,yes,yes,Synced from _data/kahoot_subtopic_links.json on 2026-02-23. Verified live (HTTP 200) on 2026-02-23.
L1-CIE0580-C2-07,L1,cie0580,CIE 0580 C2-07 Sequences Worksheet + Kahoot Companion (Core),l1-cie0580-c2-07,https://payhip.com/25maths?src=kahoot_cie0580_l1&asset=c2-07,https://payhip.com/b/xblgS,_data/kahoot_subtopic_links.json,links[sku=L1-CIE0580-C2-07].worksheet_payhip_url,yes,yes,Synced from _data/kahoot_subtopic_links.json on 2026-02-23. Verified live (HTTP 200) on 2026-02-23.
L1-CIE0580-C2-09,L1,cie0580,CIE 0580 C2-09 Graphs In Practical Situations Worksheet + Kahoot Companion (Core),l1-cie0580-c2-09,https://payhip.com/25maths?src=kahoot_cie0580_l1&asset=c2-09,https://payhip.com/b/zhucq,_data/kahoot_subtopic_links.json,links[sku=L1-CIE0580-C2-09].worksheet_payhip_url,yes,yes,Synced from _data/kahoot_subtopic_links.json on 2026-02-23. Verified live (HTTP 200) on 2026-02-23.
L1-CIE0580-C2-10,L1,cie0580,CIE 0580 C2-10 Graphs Of Functions Worksheet + Kahoot Companion (Core),l1-cie0580-c2-10,https://payhip.com/25maths?src=kahoot_cie0580_l1&asset=c2-10,https://payhip.com/b/IQ9nf,_data/kahoot_subtopic_links.json,links[sku=L1-CIE0580-C2-10].worksheet_payhip_url,yes,yes,Synced from _data/kahoot_subtopic_links.json on 2026-02-23. Verified live (HTTP 200) on 2026-02-23.
L1-CIE0580-C2-11,L1,cie0580,CIE 0580 C2-11 Sketching Curves Worksheet + Kahoot Companion (Core),l1-cie0580-c2-11,https://payhip.com/25maths?src=kahoot_cie0580_l1&asset=c2-11,https://payhip.com/b/WilUf,_data/kahoot_subtopic_links.json,links[sku=L1-CIE0580-C2-11].worksheet_payhip_url,yes,yes,Synced from _data/kahoot_subtopic_links.json on 2026-02-23. Verified live (HTTP 200) on 2026-02-23.
L1-CIE0580-C3-01,L1,cie0580,CIE 0580 C3-01 Coordinates Worksheet + Kahoot Companion (Core),l1-cie0580-c3-01,https://payhip.com/25maths?src=kahoot_cie0580_l1&asset=c3-01,https://payhip.com/b/DGFaq,_data/kahoot_subtopic_links.json,links[sku=L1-CIE0580-C3-01].worksheet_payhip_url,yes,yes,Synced from _data/kahoot_subtopic_links.json on 2026-02-23. Verified live (HTTP 200) on 2026-02-23.
L1-CIE0580-C3-02,L1,cie0580,CIE 0580 C3-02 Drawing Linear Graphs Worksheet + Kahoot Companion (Core),l1-cie0580-c3-02,https://payhip.com/25maths?src=kahoot_cie0580_l1&asset=c3-02,https://payhip.com/b/rC9AT,_data/kahoot_subtopic_links.json,links[sku=L1-CIE0580-C3-02].worksheet_payhip_url,yes,yes,Synced from _data/kahoot_subtopic_links.json on 2026-02-23. Verified live (HTTP 200) on 2026-02-23.
L1-CIE0580-C3-03,L1,cie0580,CIE 0580 C3-03 Gradient Of Linear Graphs Worksheet + Kahoot Companion (Core),l1-cie0580-c3-03,https://payhip.com/25maths?src=kahoot_cie0580_l1&asset=c3-03,https://payhip.com/b/r473G,_data/kahoot_subtopic_links.json,links[sku=L1-CIE0580-C3-03].worksheet_payhip_url,yes,yes,Synced from _data/kahoot_subtopic_links.json on 2026-02-23. Verified live (HTTP 200) on 2026-02-23.
L1-CIE0580-C3-05,L1,cie0580,CIE 0580 C3-05 Equations Of Linear Graphs Worksheet + Kahoot Companion (Core),l1-cie0580-c3-05,https://payhip.com/25maths?src=kahoot_cie0580_l1&asset=c3-05,https://payhip.com/b/JdSkO,_data/kahoot_subtopic_links.json,links[sku=L1-CIE0580-C3-05].worksheet_payhip_url,yes,yes,Synced from _data/kahoot_subtopic_links.json on 2026-02-23. Verified live (HTTP 200) on 2026-02-23.
L1-CIE0580-C3-06,L1,cie0580,CIE 0580 C3-06 Parallel Lines Worksheet + Kahoot Companion (Core),l1-cie0580-c3-06,https://payhip.com/25maths?src=kahoot_cie0580_l1&asset=c3-06,https://payhip.com/b/zrOUv,_data/kahoot_subtopic_links.json,links[sku=L1-CIE0580-C3-06].worksheet_payhip_url,yes,yes,Synced from _data/kahoot_subtopic_links.json on 2026-02-23. Verified live (HTTP 200) on 2026-02-23.
L1-CIE0580-C4-01,L1,cie0580,CIE 0580 C4-01 Geometrical Terms Worksheet + Kahoot Companion (Core),l1-cie0580-c4-01,https://payhip.com/25maths?src=kahoot_cie0580_l1&asset=c4-01,https://payhip.com/b/w1Zjk,_data/kahoot_subtopic_links.json,links[sku=L1-CIE0580-C4-01].worksheet_payhip_url,yes,yes,Synced from _data/kahoot_subtopic_links.json on 2026-02-23. Verified live (HTTP 200) on 2026-02-23.
L1-CIE0580-C4-02,L1,cie0580,CIE 0580 C4-02 Geometrical Constructions Worksheet + Kahoot Companion (Core),l1-cie0580-c4-02,https://payhip.com/25maths?src=kahoot_cie0580_l1&asset=c4-02,https://payhip.com/b/Mw3bE,_data/kahoot_subtopic_links.json,links[sku=L1-CIE0580-C4-02].worksheet_payhip_url,yes,yes,Synced from _data/kahoot_subtopic_links.json on 2026-02-23. Verified live (HTTP 200) on 2026-02-23.
L1-CIE0580-C4-03,L1,cie0580,CIE 0580 C4-03 Scale Drawings Worksheet + Kahoot Companion (Core),l1-cie0580-c4-03,https://payhip.com/25maths?src=kahoot_cie0580_l1&asset=c4-03,https://payhip.com/b/SpE83,_data/kahoot_subtopic_links.json,links[sku=L1-CIE0580-C4-03].worksheet_payhip_url,yes,yes,Synced from _data/kahoot_subtopic_links.json on 2026-02-23. Verified live (HTTP 200) on 2026-02-23.
L1-CIE0580-C4-04,L1,cie0580,CIE 0580 C4-04 Similarity Worksheet + Kahoot Companion (Core),l1-cie0580-c4-04,https://payhip.com/25maths?src=kahoot_cie0580_l1&asset=c4-04,https://payhip.com/b/gmjbq,_data/kahoot_subtopic_links.json,links[sku=L1-CIE0580-C4-04].worksheet_payhip_url,yes,yes,Synced from _data/kahoot_subtopic_links.json on 2026-02-23. Verified live (HTTP 200) on 2026-02-23.
L1-CIE0580-C4-05,L1,cie0580,CIE 0580 C4-05 Symmetry Worksheet + Kahoot Companion (Core),l1-cie0580-c4-05,https://payhip.com/25maths?src=kahoot_cie0580_l1&asset=c4-05,https://payhip.com/b/ntyMB,_data/kahoot_subtopic_links.json,links[sku=L1-CIE0580-C4-05].worksheet_payhip_url,yes,yes,Synced from _data/kahoot_subtopic_links.json on 2026-02-23. Verified live (HTTP 200) on 2026-02-23.
L1-CIE0580-C4-06,L1,cie0580,CIE 0580 C4-06 Angles Worksheet + Kahoot Companion (Core),l1-cie0580-c4-06,https://payhip.com/25maths?src=kahoot_cie0580_l1&asset=c4-06,https://payhip.com/b/do27l,_data/kahoot_subtopic_links.json,links[sku=L1-CIE0580-C4-06].worksheet_payhip_url,yes,yes,Synced from _data/kahoot_subtopic_links.json on 2026-02-23. Verified live (HTTP 200) on 2026-02-23.
L1-CIE0580-C4-07,L1,cie0580,CIE 0580 C4-07 Circle Theorems Worksheet + Kahoot Companion (Core),l1-cie0580-c4-07,https://payhip.com/25maths?src=kahoot_cie0580_l1&asset=c4-07,https://payhip.com/b/Bqjs6,_data/kahoot_subtopic_links.json,links[sku=L1-CIE0580-C4-07].worksheet_payhip_url,yes,yes,Synced from _data/kahoot_subtopic_links.json on 2026-02-23. Verified live (HTTP 200) on 2026-02-23.
L1-CIE0580-C5-01,L1,cie0580,CIE 0580 C5-01 Units Of Measure Worksheet + Kahoot Companion (Core),l1-cie0580-c5-01,https://payhip.com/25maths?src=kahoot_cie0580_l1&asset=c5-01,https://payhip.com/b/9f5zw,_data/kahoot_subtopic_links.json,links[sku=L1-CIE0580-C5-01].worksheet_payhip_url,yes,yes,Synced from _data/kahoot_subtopic_links.json on 2026-02-23. Verified live (HTTP 200) on 2026-02-23.
L1-CIE0580-C5-02,L1,cie0580,CIE 0580 C5-02 Area And Perimeter Worksheet + Kahoot Companion (Core),l1-cie0580-c5-02,https://payhip.com/25maths?src=kahoot_cie0580_l1&asset=c5-02,https://payhip.com/b/VAQ18,_data/kahoot_subtopic_links.json,links[sku=L1-CIE0580-C5-02].worksheet_payhip_url,yes,yes,Synced from _data/kahoot_subtopic_links.json on 2026-02-23. Verified live (HTTP 200) on 2026-02-23.
L1-CIE0580-C5-03,L1,cie0580,CIE 0580 C5-03 Circles Arcs And Sectors Worksheet + Kahoot Companion (Core),l1-cie0580-c5-03,https://payhip.com/25maths?src=kahoot_cie0580_l1&asset=c5-03,https://payhip.com/b/EGPIX,_data/kahoot_subtopic_links.json,links[sku=L1-CIE0580-C5-03].worksheet_payhip_url,yes,yes,Synced from _data/kahoot_subtopic_links.json on 2026-02-23. Verified live (HTTP 200) on 2026-02-23.
L1-CIE0580-C5-04,L1,cie0580,CIE 0580 C5-04 Surface Area And Volume Worksheet + Kahoot Companion (Core),l1-cie0580-c5-04,https://payhip.com/25maths?src=kahoot_cie0580_l1&asset=c5-04,https://payhip.com/b/V9aT3,_data/kahoot_subtopic_links.json,links[sku=L1-CIE0580-C5-04].worksheet_payhip_url,yes,yes,Synced from _data/kahoot_subtopic_links.json on 2026-02-23. Verified live (HTTP 200) on 2026-02-23.
L1-CIE0580-C5-05,L1,cie0580,CIE 0580 C5-05 Compound Shapes And Parts Of Shapes Worksheet + Kahoot Companion (Core),l1-cie0580-c5-05,https://payhip.com/25maths?src=kahoot_cie0580_l1&asset=c5-05,https://payhip.com/b/mDFP9,_data/kahoot_subtopic_links.json,links[sku=L1-CIE0580-C5-05].worksheet_payhip_url,yes,yes,Synced from _data/kahoot_subtopic_links.json on 2026-02-23. Verified live (HTTP 200) on 2026-02-23.
L1-CIE0580-C6-01,L1,cie0580,CIE 0580 C6-01 Pythagoras Theorem Worksheet + Kahoot Companion (Core),l1-cie0580-c6-01,https://payhip.com/25maths?src=kahoot_cie0580_l1&asset=c6-01,https://payhip.com/b/oxjvS,_data/kahoot_subtopic_links.json,links[sku=L1-CIE0580-C6-01].worksheet_payhip_url,yes,yes,Synced from _data/kahoot_subtopic_links.json on 2026-02-23. Verified live (HTTP 200) on 2026-02-23.
L1-CIE0580-C6-02,L1,cie0580,CIE 0580 C6-02 Right Angled Triangles Worksheet + Kahoot Companion (Core),l1-cie0580-c6-02,https://payhip.com/25maths?src=kahoot_cie0580_l1&asset=c6-02,https://payhip.com/b/CRsZ3,_data/kahoot_subtopic_links.json,links[sku=L1-CIE0580-C6-02].worksheet_payhip_url,yes,yes,Synced from _data/kahoot_subtopic_links.json on 2026-02-23. Verified live (HTTP 200) on 2026-02-23.
L1-CIE0580-C7-01,L1,cie0580,CIE 0580 C7-01 Transformations Worksheet + Kahoot Companion (Core),l1-cie0580-c7-01,https://payhip.com/25maths?src=kahoot_cie0580_l1&asset=c7-01,https://payhip.com/b/x2QpY,_data/kahoot_subtopic_links.json,links[sku=L1-CIE0580-C7-01].worksheet_payhip_url,yes,yes,Synced from _data/kahoot_subtopic_links.json on 2026-02-23. Verified live (HTTP 200) on 2026-02-23.
L1-CIE0580-C8-01,L1,cie0580,CIE 0580 C8-01 Introduction To Probability Worksheet + Kahoot Companion (Core),l1-cie0580-c8-01,https://payhip.com/25maths?src=kahoot_cie0580_l1&asset=c8-01,https://payhip.com/b/ghMbm,_data/kahoot_subtopic_links.json,links[sku=L1-CIE0580-C8-01].worksheet_payhip_url,yes,yes,Synced from _data/kahoot_subtopic_links.json on 2026-02-23. Verified live (HTTP 200) on 2026-02-23.
L1-CIE0580-C8-02,L1,cie0580,CIE 0580 C8-02 Relative And Expected Frequencies Worksheet + Kahoot Companion (Core),l1-cie0580-c8-02,https://payhip.com/25maths?src=kahoot_cie0580_l1&asset=c8-02,https://payhip.com/b/KyDO7,_data/kahoot_subtopic_links.json,links[sku=L1-CIE0580-C8-02].worksheet_payhip_url,yes,yes,Synced from _data/kahoot_subtopic_links.json on 2026-02-23. Verified live (HTTP 200) on 2026-02-23.
L1-CIE0580-C8-03,L1,cie0580,CIE 0580 C8-03 Probability Of Combined Events Worksheet + Kahoot Companion (Core),l1-cie0580-c8-03,https://payhip.com/25maths?src=kahoot_cie0580_l1&asset=c8-03,https://payhip.com/b/wcWyN,_data/kahoot_subtopic_links.json,links[sku=L1-CIE0580-C8-03].worksheet_payhip_url,yes,yes,Synced from _data/kahoot_subtopic_links.json on 2026-02-23. Verified live (HTTP 200) on 2026-02-23.
L1-CIE0580-C9-01,L1,cie0580,CIE 0580 C9-01 Classifying Statistical Data Worksheet + Kahoot Companion (Core),l1-cie0580-c9-01,https://payhip.com/25maths?src=kahoot_cie0580_l1&asset=c9-01,https://payhip.com/b/JGliu,_data/kahoot_subtopic_links.json,links[sku=L1-CIE0580-C9-01].worksheet_payhip_url,yes,yes,Synced from _data/kahoot_subtopic_links.json on 2026-02-23. Verified live (HTTP 200) on 2026-02-23.
L1-CIE0580-C9-02,L1,cie0580,CIE 0580 C9-02 Interpreting Statistical Data Worksheet + Kahoot Companion (Core),l1-cie0580-c9-02,https://payhip.com/25maths?src=kahoot_cie0580_l1&asset=c9-02,https://payhip.com/b/l3p0d,_data/kahoot_subtopic_links.json,links[sku=L1-CIE0580-C9-02].worksheet_payhip_url,yes,yes,Synced from _data/kahoot_subtopic_links.json on 2026-02-23. Verified live (HTTP 200) on 2026-02-23.
L1-CIE0580-C9-03,L1,cie0580,CIE 0580 C9-03 Averages And Range Worksheet + Kahoot Companion (Core),l1-cie0580-c9-03,https://payhip.com/25maths?src=kahoot_cie0580_l1&asset=c9-03,https://payhip.com/b/VGFqu,_data/kahoot_subtopic_links.json,links[sku=L1-CIE0580-C9-03].worksheet_payhip_url,yes,yes,Synced from _data/kahoot_subtopic_links.json on 2026-02-23. Verified live (HTTP 200) on 2026-02-23.
L1-CIE0580-C9-04,L1,cie0580,CIE 0580 C9-04 Statistical Charts And Diagrams Worksheet + Kahoot Companion (Core),l1-cie0580-c9-04,https://payhip.com/25maths?src=kahoot_cie0580_l1&asset=c9-04,https://payhip.com/b/nN6Db,_data/kahoot_subtopic_links.json,links[sku=L1-CIE0580-C9-04].worksheet_payhip_url,yes,yes,Synced from _data/kahoot_subtopic_links.json on 2026-02-23. Verified live (HTTP 200) on 2026-02-23.
L1-CIE0580-E1-01,L1,cie0580,CIE 0580 E1-01 Types Of Number Worksheet + Kahoot Companion (Extended),l1-cie0580-e1-01,https://payhip.com/25maths?src=kahoot_cie0580_l1&asset=e1-01,https://payhip.com/b/Injxw,_data/kahoot_subtopic_links.json,links[sku=L1-CIE0580-E1-01].worksheet_payhip_url,yes,yes,Synced from _data/kahoot_subtopic_links.json on 2026-02-23. Verified live (HTTP 200) on 2026-02-23.
L1-CIE0580-E1-02,L1,cie0580,CIE 0580 E1-02 Sets Worksheet + Kahoot Companion (Extended),l1-cie0580-e1-02,https://payhip.com/25maths?src=kahoot_cie0580_l1&asset=e1-02,https://payhip.com/b/5jHCx,_data/kahoot_subtopic_links.json,links[sku=L1-CIE0580-E1-02].worksheet_payhip_url,yes,yes,Synced from _data/kahoot_subtopic_links.json on 2026-02-23. Verified live (HTTP 200) on 2026-02-23.
L1-CIE0580-E1-03,L1,cie0580,CIE 0580 E1-03 Powers And Roots Worksheet + Kahoot Companion (Extended),l1-cie0580-e1-03,https://payhip.com/25maths?src=kahoot_cie0580_l1&asset=e1-03,https://payhip.com/b/WO4rz,_data/kahoot_subtopic_links.json,links[sku=L1-CIE0580-E1-03].worksheet_payhip_url,yes,yes,Synced from _data/kahoot_subtopic_links.json on 2026-02-23. Verified live (HTTP 200) on 2026-02-23.
L1-CIE0580-E1-04,L1,cie0580,CIE 0580 E1-04 Fractions Decimals Percentages Worksheet + Kahoot Companion (Extended),l1-cie0580-e1-04,https://payhip.com/25maths?src=kahoot_cie0580_l1&asset=e1-04,https://payhip.com/b/WCG9i,_data/kahoot_subtopic_links.json,links[sku=L1-CIE0580-E1-04].worksheet_payhip_url,yes,yes,Synced from _data/kahoot_subtopic_links.json on 2026-02-23. Verified live (HTTP 200) on 2026-02-23.
L1-CIE0580-E1-05,L1,cie0580,CIE 0580 E1-05 Ordering Worksheet + Kahoot Companion (Extended),l1-cie0580-e1-05,https://payhip.com/25maths?src=kahoot_cie0580_l1&asset=e1-05,https://payhip.com/b/L5WJy,_data/kahoot_subtopic_links.json,links[sku=L1-CIE0580-E1-05].worksheet_payhip_url,yes,yes,Synced from _data/kahoot_subtopic_links.json on 2026-02-23. Verified live (HTTP 200) on 2026-02-23.
L1-CIE0580-E1-06,L1,cie0580,CIE 0580 E1-06 Four Operations Worksheet + Kahoot Companion (Extended),l1-cie0580-e1-06,https://payhip.com/25maths?src=kahoot_cie0580_l1&asset=e1-06,https://payhip.com/b/LvHkw,_data/kahoot_subtopic_links.json,links[sku=L1-CIE0580-E1-06].worksheet_payhip_url,yes,yes,Synced from _data/kahoot_subtopic_links.json on 2026-02-23. Verified live (HTTP 200) on 2026-02-23.
L1-CIE0580-E1-07,L1,cie0580,CIE 0580 E1-07 Indices I Worksheet + Kahoot Companion (Extended),l1-cie0580-e1-07,https://payhip.com/25maths?src=kahoot_cie0580_l1&asset=e1-07,https://payhip.com/b/WuOCw,_data/kahoot_subtopic_links.json,links[sku=L1-CIE0580-E1-07].worksheet_payhip_url,yes,yes,Synced from _data/kahoot_subtopic_links.json on 2026-02-23. Verified live (HTTP 200) on 2026-02-23.
L1-CIE0580-E1-08,L1,cie0580,CIE 0580 E1-08 Standard Form Worksheet + Kahoot Companion (Extended),l1-cie0580-e1-08,https://payhip.com/25maths?src=kahoot_cie0580_l1&asset=e1-08,https://payhip.com/b/m0Avw,_data/kahoot_subtopic_links.json,links[sku=L1-CIE0580-E1-08].worksheet_payhip_url,yes,yes,Synced from _data/kahoot_subtopic_links.json on 2026-02-23. Verified live (HTTP 200) on 2026-02-23.
L1-CIE0580-E1-09,L1,cie0580,CIE 0580 E1-09 Estimation And Approximation Worksheet + Kahoot Companion (Extended),l1-cie0580-e1-09,https://payhip.com/25maths?src=kahoot_cie0580_l1&asset=e1-09,https://payhip.com/b/oeXPw,_data/kahoot_subtopic_links.json,links[sku=L1-CIE0580-E1-09].worksheet_payhip_url,yes,yes,Synced from _data/kahoot_subtopic_links.json on 2026-02-23. Verified live (HTTP 200) on 2026-02-23.
L1-CIE0580-E1-10,L1,cie0580,CIE 0580 E1-10 Limits Of Accuracy Worksheet + Kahoot Companion (Extended),l1-cie0580-e1-10,https://payhip.com/25maths?src=kahoot_cie0580_l1&asset=e1-10,https://payhip.com/b/S3vB4,_data/kahoot_subtopic_links.json,links[sku=L1-CIE0580-E1-10].worksheet_payhip_url,yes,yes,Synced from _data/kahoot_subtopic_links.json on 2026-02-23. Verified live (HTTP 200) on 2026-02-23.
L1-CIE0580-E1-11,L1,cie0580,CIE 0580 E1-11 Ratio And Proportion Worksheet + Kahoot Companion (Extended),l1-cie0580-e1-11,https://payhip.com/25maths?src=kahoot_cie0580_l1&asset=e1-11,https://payhip.com/b/uvc81,_data/kahoot_subtopic_links.json,links[sku=L1-CIE0580-E1-11].worksheet_payhip_url,yes,yes,Synced from _data/kahoot_subtopic_links.json on 2026-02-23. Verified live (HTTP 200) on 2026-02-23.
L1-CIE0580-E1-12,L1,cie0580,CIE 0580 E1-12 Rates Worksheet + Kahoot Companion (Extended),l1-cie0580-e1-12,https://payhip.com/25maths?src=kahoot_cie0580_l1&asset=e1-12,https://payhip.com/b/5iP4L,_data/kahoot_subtopic_links.json,links[sku=L1-CIE0580-E1-12].worksheet_payhip_url,yes,yes,Synced from _data/kahoot_subtopic_links.json on 2026-02-23. Verified live (HTTP 200) on 2026-02-23.
L1-CIE0580-E1-13,L1,cie0580,CIE 0580 E1-13 Percentages Worksheet + Kahoot Companion (Extended),l1-cie0580-e1-13,https://payhip.com/25maths?src=kahoot_cie0580_l1&asset=e1-13,https://payhip.com/b/Awakv,_data/kahoot_subtopic_links.json,links[sku=L1-CIE0580-E1-13].worksheet_payhip_url,yes,yes,Synced from _data/kahoot_subtopic_links.json on 2026-02-23. Verified live (HTTP 200) on 2026-02-23.
L1-CIE0580-E1-14,L1,cie0580,CIE 0580 E1-14 Using A Calculator Worksheet + Kahoot Companion (Extended),l1-cie0580-e1-14,https://payhip.com/25maths?src=kahoot_cie0580_l1&asset=e1-14,https://payhip.com/b/WElfF,_data/kahoot_subtopic_links.json,links[sku=L1-CIE0580-E1-14].worksheet_payhip_url,yes,yes,Synced from _data/kahoot_subtopic_links.json on 2026-02-23. Verified live (HTTP 200) on 2026-02-23.
L1-CIE0580-E1-15,L1,cie0580,CIE 0580 E1-15 Time Worksheet + Kahoot Companion (Extended),l1-cie0580-e1-15,https://payhip.com/25maths?src=kahoot_cie0580_l1&asset=e1-15,https://payhip.com/b/FS2n8,_data/kahoot_subtopic_links.json,links[sku=L1-CIE0580-E1-15].worksheet_payhip_url,yes,yes,Synced from _data/kahoot_subtopic_links.json on 2026-02-23. Verified live (HTTP 200) on 2026-02-23.
L1-CIE0580-E1-16,L1,cie0580,CIE 0580 E1-16 Money Worksheet + Kahoot Companion (Extended),l1-cie0580-e1-16,https://payhip.com/25maths?src=kahoot_cie0580_l1&asset=e1-16,https://payhip.com/b/Wqj0N,_data/kahoot_subtopic_links.json,links[sku=L1-CIE0580-E1-16].worksheet_payhip_url,yes,yes,Synced from _data/kahoot_subtopic_links.json on 2026-02-23. Verified live (HTTP 200) on 2026-02-23.
L1-CIE0580-E1-17,L1,cie0580,CIE 0580 E1-17 Exponential Growth Decay Worksheet + Kahoot Companion (Extended),l1-cie0580-e1-17,https://payhip.com/25maths?src=kahoot_cie0580_l1&asset=e1-17,https://payhip.com/b/I6AvU,_data/kahoot_subtopic_links.json,links[sku=L1-CIE0580-E1-17].worksheet_payhip_url,yes,yes,Synced from _data/kahoot_subtopic_links.json on 2026-02-23. Verified live (HTTP 200) on 2026-02-23.
L1-CIE0580-E1-18,L1,cie0580,CIE 0580 E1-18 Surds Worksheet + Kahoot Companion (Extended),l1-cie0580-e1-18,https://payhip.com/25maths?src=kahoot_cie0580_l1&asset=e1-18,https://payhip.com/b/4ImLD,_data/kahoot_subtopic_links.json,links[sku=L1-CIE0580-E1-18].worksheet_payhip_url,yes,yes,Synced from _data/kahoot_subtopic_links.json on 2026-02-23. Verified live (HTTP 200) on 2026-02-23.
L1-CIE0580-E2-01,L1,cie0580,CIE 0580 E2-01 Introduction To Algebra Worksheet + Kahoot Companion (Extended),l1-cie0580-e2-01,https://payhip.com/25maths?src=kahoot_cie0580_l1&asset=e2-01,https://payhip.com/b/8uBvQ,_data/kahoot_subtopic_links.json,links[sku=L1-CIE0580-E2-01].worksheet_payhip_url,yes,yes,Synced from _data/kahoot_subtopic_links.json on 2026-02-23. Verified live (HTTP 200) on 2026-02-23.
L1-CIE0580-E2-02,L1,cie0580,CIE 0580 E2-02 Algebraic Manipulation Worksheet + Kahoot Companion (Extended),l1-cie0580-e2-02,https://payhip.com/25maths?src=kahoot_cie0580_l1&asset=e2-02,https://payhip.com/b/kdCbX,_data/kahoot_subtopic_links.json,links[sku=L1-CIE0580-E2-02].worksheet_payhip_url,yes,yes,Synced from _data/kahoot_subtopic_links.json on 2026-02-23. Verified live (HTTP 200) on 2026-02-23.
L1-CIE0580-E2-03,L1,cie0580,CIE 0580 E2-03 Algebraic Fractions Worksheet + Kahoot Companion (Extended),l1-cie0580-e2-03,https://payhip.com/25maths?src=kahoot_cie0580_l1&asset=e2-03,https://payhip.com/b/FNdGQ,_data/kahoot_subtopic_links.json,links[sku=L1-CIE0580-E2-03].worksheet_payhip_url,yes,yes,Synced from _data/kahoot_subtopic_links.json on 2026-02-23. Verified live (HTTP 200) on 2026-02-23.
L1-CIE0580-E2-04,L1,cie0580,CIE 0580 E2-04 Indices Ii Worksheet + Kahoot Companion (Extended),l1-cie0580-e2-04,https://payhip.com/25maths?src=kahoot_cie0580_l1&asset=e2-04,https://payhip.com/b/0vKcu,_data/kahoot_subtopic_links.json,links[sku=L1-CIE0580-E2-04].worksheet_payhip_url,yes,yes,Synced from _data/kahoot_subtopic_links.json on 2026-02-23. Verified live (HTTP 200) on 2026-02-23.
L1-CIE0580-E2-05,L1,cie0580,CIE 0580 E2-05 Equations Worksheet + Kahoot Companion (Extended),l1-cie0580-e2-05,https://payhip.com/25maths?src=kahoot_cie0580_l1&asset=e2-05,https://payhip.com/b/KjnkU,_data/kahoot_subtopic_links.json,links[sku=L1-CIE0580-E2-05].worksheet_payhip_url,yes,yes,Synced from _data/kahoot_subtopic_links.json on 2026-02-23. Verified live (HTTP 200) on 2026-02-23.
L1-CIE0580-E2-06,L1,cie0580,CIE 0580 E2-06 Inequalities Worksheet + Kahoot Companion (Extended),l1-cie0580-e2-06,https://payhip.com/25maths?src=kahoot_cie0580_l1&asset=e2-06,https://payhip.com/b/5KVav,_data/kahoot_subtopic_links.json,links[sku=L1-CIE0580-E2-06].worksheet_payhip_url,yes,yes,Synced from _data/kahoot_subtopic_links.json on 2026-02-23. Verified live (HTTP 200) on 2026-02-23.
L1-CIE0580-E2-07,L1,cie0580,CIE 0580 E2-07 Sequences Worksheet + Kahoot Companion (Extended),l1-cie0580-e2-07,https://payhip.com/25maths?src=kahoot_cie0580_l1&asset=e2-07,https://payhip.com/b/zALRG,_data/kahoot_subtopic_links.json,links[sku=L1-CIE0580-E2-07].worksheet_payhip_url,yes,yes,Synced from _data/kahoot_subtopic_links.json on 2026-02-23. Verified live (HTTP 200) on 2026-02-23.
L1-CIE0580-E2-08,L1,cie0580,CIE 0580 E2-08 Proportion Worksheet + Kahoot Companion (Extended),l1-cie0580-e2-08,https://payhip.com/25maths?src=kahoot_cie0580_l1&asset=e2-08,https://payhip.com/b/uGaDh,_data/kahoot_subtopic_links.json,links[sku=L1-CIE0580-E2-08].worksheet_payhip_url,yes,yes,Synced from _data/kahoot_subtopic_links.json on 2026-02-23. Verified live (HTTP 200) on 2026-02-23.
L1-CIE0580-E2-09,L1,cie0580,CIE 0580 E2-09 Graphs In Practical Situations Worksheet + Kahoot Companion (Extended),l1-cie0580-e2-09,https://payhip.com/25maths?src=kahoot_cie0580_l1&asset=e2-09,https://payhip.com/b/KArGe,_data/kahoot_subtopic_links.json,links[sku=L1-CIE0580-E2-09].worksheet_payhip_url,yes,yes,Synced from _data/kahoot_subtopic_links.json on 2026-02-23. Verified live (HTTP 200) on 2026-02-23.
L1-CIE0580-E2-10,L1,cie0580,CIE 0580 E2-10 Graphs Of Functions Worksheet + Kahoot Companion (Extended),l1-cie0580-e2-10,https://payhip.com/25maths?src=kahoot_cie0580_l1&asset=e2-10,https://payhip.com/b/YAVdb,_data/kahoot_subtopic_links.json,links[sku=L1-CIE0580-E2-10].worksheet_payhip_url,yes,yes,Synced from _data/kahoot_subtopic_links.json on 2026-02-23. Verified live (HTTP 200) on 2026-02-23.
L1-CIE0580-E2-11,L1,cie0580,CIE 0580 E2-11 Sketching Curves Worksheet + Kahoot Companion (Extended),l1-cie0580-e2-11,https://payhip.com/25maths?src=kahoot_cie0580_l1&asset=e2-11,https://payhip.com/b/JCKwT,_data/kahoot_subtopic_links.json,links[sku=L1-CIE0580-E2-11].worksheet_payhip_url,yes,yes,Synced from _data/kahoot_subtopic_links.json on 2026-02-23. Verified live (HTTP 200) on 2026-02-23.
L1-CIE0580-E2-12,L1,cie0580,CIE 0580 E2-12 Differentiation Worksheet + Kahoot Companion (Extended),l1-cie0580-e2-12,https://payhip.com/25maths?src=kahoot_cie0580_l1&asset=e2-12,https://payhip.com/b/ZLedt,_data/kahoot_subtopic_links.json,links[sku=L1-CIE0580-E2-12].worksheet_payhip_url,yes,yes,Synced from _data/kahoot_subtopic_links.json on 2026-02-23. Verified live (HTTP 200) on 2026-02-23.
L1-CIE0580-E2-13,L1,cie0580,CIE 0580 E2-13 Functions Worksheet + Kahoot Companion (Extended),l1-cie0580-e2-13,https://payhip.com/25maths?src=kahoot_cie0580_l1&asset=e2-13,https://payhip.com/b/BGoH5,_data/kahoot_subtopic_links.json,links[sku=L1-CIE0580-E2-13].worksheet_payhip_url,yes,yes,Synced from _data/kahoot_subtopic_links.json on 2026-02-23. Verified live (HTTP 200) on 2026-02-23.
L1-CIE0580-E3-01,L1,cie0580,CIE 0580 E3-01 Coordinates Worksheet + Kahoot Companion (Extended),l1-cie0580-e3-01,https://payhip.com/25maths?src=kahoot_cie0580_l1&asset=e3-01,https://payhip.com/b/GsRvW,_data/kahoot_subtopic_links.json,links[sku=L1-CIE0580-E3-01].worksheet_payhip_url,yes,yes,Synced from _data/kahoot_subtopic_links.json on 2026-02-23. Verified live (HTTP 200) on 2026-02-23.
L1-CIE0580-E3-02,L1,cie0580,CIE 0580 E3-02 Drawing Linear Graphs Worksheet + Kahoot Companion (Extended),l1-cie0580-e3-02,https://payhip.com/25maths?src=kahoot_cie0580_l1&asset=e3-02,https://payhip.com/b/F2N4B,_data/kahoot_subtopic_links.json,links[sku=L1-CIE0580-E3-02].worksheet_payhip_url,yes,yes,Synced from _data/kahoot_subtopic_links.json on 2026-02-23. Verified live (HTTP 200) on 2026-02-23.
L1-CIE0580-E3-03,L1,cie0580,CIE 0580 E3-03 Gradient Of Linear Graphs Worksheet + Kahoot Companion (Extended),l1-cie0580-e3-03,https://payhip.com/25maths?src=kahoot_cie0580_l1&asset=e3-03,https://payhip.com/b/cp50t,_data/kahoot_subtopic_links.json,links[sku=L1-CIE0580-E3-03].worksheet_payhip_url,yes,yes,Synced from _data/kahoot_subtopic_links.json on 2026-02-23. Verified live (HTTP 200) on 2026-02-23.
L1-CIE0580-E3-04,L1,cie0580,CIE 0580 E3-04 Length And Midpoint Worksheet + Kahoot Companion (Extended),l1-cie0580-e3-04,https://payhip.com/25maths?src=kahoot_cie0580_l1&asset=e3-04,https://payhip.com/b/yd5lz,_data/kahoot_subtopic_links.json,links[sku=L1-CIE0580-E3-04].worksheet_payhip_url,yes,yes,Synced from _data/kahoot_subtopic_links.json on 2026-02-23. Verified live (HTTP 200) on 2026-02-23.
L1-CIE0580-E3-05,L1,cie0580,CIE 0580 E3-05 Equations Of Linear Graphs Worksheet + Kahoot Companion (Extended),l1-cie0580-e3-05,https://payhip.com/25maths?src=kahoot_cie0580_l1&asset=e3-05,https://payhip.com/b/tnho2,_data/kahoot_subtopic_links.json,links[sku=L1-CIE0580-E3-05].worksheet_payhip_url,yes,yes,Synced from _data/kahoot_subtopic_links.json on 2026-02-23. Verified live (HTTP 200) on 2026-02-23.
L1-CIE0580-E3-06,L1,cie0580,CIE 0580 E3-06 Parallel Lines Worksheet + Kahoot Companion (Extended),l1-cie0580-e3-06,https://payhip.com/25maths?src=kahoot_cie0580_l1&asset=e3-06,https://payhip.com/b/DP8Uh,_data/kahoot_subtopic_links.json,links[sku=L1-CIE0580-E3-06].worksheet_payhip_url,yes,yes,Synced from _data/kahoot_subtopic_links.json on 2026-02-23. Verified live (HTTP 200) on 2026-02-23.
L1-CIE0580-E3-07,L1,cie0580,CIE 0580 E3-07 Perpendicular Lines Worksheet + Kahoot Companion (Extended),l1-cie0580-e3-07,https://payhip.com/25maths?src=kahoot_cie0580_l1&asset=e3-07,https://payhip.com/b/1paP7,_data/kahoot_subtopic_links.json,links[sku=L1-CIE0580-E3-07].worksheet_payhip_url,yes,yes,Synced from _data/kahoot_subtopic_links.json on 2026-02-23. Verified live (HTTP 200) on 2026-02-23.
L1-CIE0580-E4-01,L1,cie0580,CIE 0580 E4-01 Geometrical Terms Worksheet + Kahoot Companion (Extended),l1-cie0580-e4-01,https://payhip.com/25maths?src=kahoot_cie0580_l1&asset=e4-01,https://payhip.com/b/4x3Gv,_data/kahoot_subtopic_links.json,links[sku=L1-CIE0580-E4-01].worksheet_payhip_url,yes,yes,Synced from _data/kahoot_subtopic_links.json on 2026-02-23. Verified live (HTTP 200) on 2026-02-23.
L1-CIE0580-E4-02,L1,cie0580,CIE 0580 E4-02 Geometrical Constructions Worksheet + Kahoot Companion (Extended),l1-cie0580-e4-02,https://payhip.com/25maths?src=kahoot_cie0580_l1&asset=e4-02,https://payhip.com/b/u2H86,_data/kahoot_subtopic_links.json,links[sku=L1-CIE0580-E4-02].worksheet_payhip_url,yes,yes,Synced from _data/kahoot_subtopic_links.json on 2026-02-23. Verified live (HTTP 200) on 2026-02-23.
L1-CIE0580-E4-03,L1,cie0580,CIE 0580 E4-03 Scale Drawings Worksheet + Kahoot Companion (Extended),l1-cie0580-e4-03,https://payhip.com/25maths?src=kahoot_cie0580_l1&asset=e4-03,https://payhip.com/b/vIitL,_data/kahoot_subtopic_links.json,links[sku=L1-CIE0580-E4-03].worksheet_payhip_url,yes,yes,Synced from _data/kahoot_subtopic_links.json on 2026-02-23. Verified live (HTTP 200) on 2026-02-23.
L1-CIE0580-E4-04,L1,cie0580,CIE 0580 E4-04 Similarity Worksheet + Kahoot Companion (Extended),l1-cie0580-e4-04,https://payhip.com/25maths?src=kahoot_cie0580_l1&asset=e4-04,https://payhip.com/b/L6Nac,_data/kahoot_subtopic_links.json,links[sku=L1-CIE0580-E4-04].worksheet_payhip_url,yes,yes,Synced from _data/kahoot_subtopic_links.json on 2026-02-23. Verified live (HTTP 200) on 2026-02-23.
L1-CIE0580-E4-05,L1,cie0580,CIE 0580 E4-05 Symmetry Worksheet + Kahoot Companion (Extended),l1-cie0580-e4-05,https://payhip.com/25maths?src=kahoot_cie0580_l1&asset=e4-05,https://payhip.com/b/Ynfjg,_data/kahoot_subtopic_links.json,links[sku=L1-CIE0580-E4-05].worksheet_payhip_url,yes,yes,Synced from _data/kahoot_subtopic_links.json on 2026-02-23. Verified live (HTTP 200) on 2026-02-23.
L1-CIE0580-E4-06,L1,cie0580,CIE 0580 E4-06 Angles Worksheet + Kahoot Companion (Extended),l1-cie0580-e4-06,https://payhip.com/25maths?src=kahoot_cie0580_l1&asset=e4-06,https://payhip.com/b/biQZE,_data/kahoot_subtopic_links.json,links[sku=L1-CIE0580-E4-06].worksheet_payhip_url,yes,yes,Synced from _data/kahoot_subtopic_links.json on 2026-02-23. Verified live (HTTP 200) on 2026-02-23.
L1-CIE0580-E4-07,L1,cie0580,CIE 0580 E4-07 Circle Theorems I Worksheet + Kahoot Companion (Extended),l1-cie0580-e4-07,https://payhip.com/25maths?src=kahoot_cie0580_l1&asset=e4-07,https://payhip.com/b/nHbYt,_data/kahoot_subtopic_links.json,links[sku=L1-CIE0580-E4-07].worksheet_payhip_url,yes,yes,Synced from _data/kahoot_subtopic_links.json on 2026-02-23. Verified live (HTTP 200) on 2026-02-23.
L1-CIE0580-E4-08,L1,cie0580,CIE 0580 E4-08 Circle Theorems Ii Worksheet + Kahoot Companion (Extended),l1-cie0580-e4-08,https://payhip.com/25maths?src=kahoot_cie0580_l1&asset=e4-08,https://payhip.com/b/GZz3t,_data/kahoot_subtopic_links.json,links[sku=L1-CIE0580-E4-08].worksheet_payhip_url,yes,yes,Synced from _data/kahoot_subtopic_links.json on 2026-02-23. Verified live (HTTP 200) on 2026-02-23.
L1-CIE0580-E5-01,L1,cie0580,CIE 0580 E5-01 Units Of Measure Worksheet + Kahoot Companion (Extended),l1-cie0580-e5-01,https://payhip.com/25maths?src=kahoot_cie0580_l1&asset=e5-01,https://payhip.com/b/ZxrRJ,_data/kahoot_subtopic_links.json,links[sku=L1-CIE0580-E5-01].worksheet_payhip_url,yes,yes,Synced from _data/kahoot_subtopic_links.json on 2026-02-23. Verified live (HTTP 200) on 2026-02-23.
L1-CIE0580-E5-02,L1,cie0580,CIE 0580 E5-02 Area And Perimeter Worksheet + Kahoot Companion (Extended),l1-cie0580-e5-02,https://payhip.com/25maths?src=kahoot_cie0580_l1&asset=e5-02,https://payhip.com/b/D0Iof,_data/kahoot_subtopic_links.json,links[sku=L1-CIE0580-E5-02].worksheet_payhip_url,yes,yes,Synced from _data/kahoot_subtopic_links.json on 2026-02-23. Verified live (HTTP 200) on 2026-02-23.
L1-CIE0580-E5-03,L1,cie0580,CIE 0580 E5-03 Circles Arcs And Sectors Worksheet + Kahoot Companion (Extended),l1-cie0580-e5-03,https://payhip.com/25maths?src=kahoot_cie0580_l1&asset=e5-03,https://payhip.com/b/3fLuE,_data/kahoot_subtopic_links.json,links[sku=L1-CIE0580-E5-03].worksheet_payhip_url,yes,yes,Synced from _data/kahoot_subtopic_links.json on 2026-02-23. Verified live (HTTP 200) on 2026-02-23.
L1-CIE0580-E5-04,L1,cie0580,CIE 0580 E5-04 Surface Area And Volume Worksheet + Kahoot Companion (Extended),l1-cie0580-e5-04,https://payhip.com/25maths?src=kahoot_cie0580_l1&asset=e5-04,https://payhip.com/b/sMzK7,_data/kahoot_subtopic_links.json,links[sku=L1-CIE0580-E5-04].worksheet_payhip_url,yes,yes,Synced from _data/kahoot_subtopic_links.json on 2026-02-23. Verified live (HTTP 200) on 2026-02-23.
L1-CIE0580-E5-05,L1,cie0580,CIE 0580 E5-05 Compound Shapes And Parts Of Shapes Worksheet + Kahoot Companion (Extended),l1-cie0580-e5-05,https://payhip.com/25maths?src=kahoot_cie0580_l1&asset=e5-05,https://payhip.com/b/zES0n,_data/kahoot_subtopic_links.json,links[sku=L1-CIE0580-E5-05].worksheet_payhip_url,yes,yes,Synced from _data/kahoot_subtopic_links.json on 2026-02-23. Verified live (HTTP 200) on 2026-02-23.
L1-CIE0580-E6-01,L1,cie0580,CIE 0580 E6-01 Pythagoras Theorem Worksheet + Kahoot Companion (Extended),l1-cie0580-e6-01,https://payhip.com/25maths?src=kahoot_cie0580_l1&asset=e6-01,https://payhip.com/b/mOZWF,_data/kahoot_subtopic_links.json,links[sku=L1-CIE0580-E6-01].worksheet_payhip_url,yes,yes,Synced from _data/kahoot_subtopic_links.json on 2026-02-23. Verified live (HTTP 200) on 2026-02-23.
L1-CIE0580-E6-02,L1,cie0580,CIE 0580 E6-02 Right Angled Triangles Worksheet + Kahoot Companion (Extended),l1-cie0580-e6-02,https://payhip.com/25maths?src=kahoot_cie0580_l1&asset=e6-02,https://payhip.com/b/smgf9,_data/kahoot_subtopic_links.json,links[sku=L1-CIE0580-E6-02].worksheet_payhip_url,yes,yes,Synced from _data/kahoot_subtopic_links.json on 2026-02-23. Verified live (HTTP 200) on 2026-02-23.
L1-CIE0580-E6-03,L1,cie0580,CIE 0580 E6-03 Exact Trigonometric Values Worksheet + Kahoot Companion (Extended),l1-cie0580-e6-03,https://payhip.com/25maths?src=kahoot_cie0580_l1&asset=e6-03,https://payhip.com/b/f0qYv,_data/kahoot_subtopic_links.json,links[sku=L1-CIE0580-E6-03].worksheet_payhip_url,yes,yes,Synced from _data/kahoot_subtopic_links.json on 2026-02-23. Verified live (HTTP 200) on 2026-02-23.
L1-CIE0580-E6-04,L1,cie0580,CIE 0580 E6-04 Trigonometric Functions Worksheet + Kahoot Companion (Extended),l1-cie0580-e6-04,https://payhip.com/25maths?src=kahoot_cie0580_l1&asset=e6-04,https://payhip.com/b/79mdC,_data/kahoot_subtopic_links.json,links[sku=L1-CIE0580-E6-04].worksheet_payhip_url,yes,yes,Synced from _data/kahoot_subtopic_links.json on 2026-02-23. Verified live (HTTP 200) on 2026-02-23.
L1-CIE0580-E6-05,L1,cie0580,CIE 0580 E6-05 Non Right Angled Triangles Worksheet + Kahoot Companion (Extended),l1-cie0580-e6-05,https://payhip.com/25maths?src=kahoot_cie0580_l1&asset=e6-05,https://payhip.com/b/Ce7aK,_data/kahoot_subtopic_links.json,links[sku=L1-CIE0580-E6-05].worksheet_payhip_url,yes,yes,Synced from _data/kahoot_subtopic_links.json on 2026-02-23. Verified live (HTTP 200) on 2026-02-23.
L1-CIE0580-E6-06,L1,cie0580,CIE 0580 E6-06 Pythagoras And Trigonometry In 3D Worksheet + Kahoot Companion (Extended),l1-cie0580-e6-06,https://payhip.com/25maths?src=kahoot_cie0580_l1&asset=e6-06,https://payhip.com/b/h0Qkn,_data/kahoot_subtopic_links.json,links[sku=L1-CIE0580-E6-06].worksheet_payhip_url,yes,yes,Synced from _data/kahoot_subtopic_links.json on 2026-02-23. Verified live (HTTP 200) on 2026-02-23.
L1-CIE0580-E7-01,L1,cie0580,CIE 0580 E7-01 Transformations Worksheet + Kahoot Companion (Extended),l1-cie0580-e7-01,https://payhip.com/25maths?src=kahoot_cie0580_l1&asset=e7-01,https://payhip.com/b/Q1GfJ,_data/kahoot_subtopic_links.json,links[sku=L1-CIE0580-E7-01].worksheet_payhip_url,yes,yes,Synced from _data/kahoot_subtopic_links.json on 2026-02-23. Verified live (HTTP 200) on 2026-02-23.
L1-CIE0580-E7-02,L1,cie0580,CIE 0580 E7-02 Vectors In Two Dimensions Worksheet + Kahoot Companion (Extended),l1-cie0580-e7-02,https://payhip.com/25maths?src=kahoot_cie0580_l1&asset=e7-02,https://payhip.com/b/YGgqH,_data/kahoot_subtopic_links.json,links[sku=L1-CIE0580-E7-02].worksheet_payhip_url,yes,yes,Synced from _data/kahoot_subtopic_links.json on 2026-02-23. Verified live (HTTP 200) on 2026-02-23.
L1-CIE0580-E7-03,L1,cie0580,CIE 0580 E7-03 Magnitude Of A Vector Worksheet + Kahoot Companion (Extended),l1-cie0580-e7-03,https://payhip.com/25maths?src=kahoot_cie0580_l1&asset=e7-03,https://payhip.com/b/f6ijw,_data/kahoot_subtopic_links.json,links[sku=L1-CIE0580-E7-03].worksheet_payhip_url,yes,yes,Synced from _data/kahoot_subtopic_links.json on 2026-02-23. Verified live (HTTP 200) on 2026-02-23.
L1-CIE0580-E7-04,L1,cie0580,CIE 0580 E7-04 Vector Geometry Worksheet + Kahoot Companion (Extended),l1-cie0580-e7-04,https://payhip.com/25maths?src=kahoot_cie0580_l1&asset=e7-04,https://payhip.com/b/b3xmf,_data/kahoot_subtopic_links.json,links[sku=L1-CIE0580-E7-04].worksheet_payhip_url,yes,yes,Synced from _data/kahoot_subtopic_links.json on 2026-02-23. Verified live (HTTP 200) on 2026-02-23.
L1-CIE0580-E8-01,L1,cie0580,CIE 0580 E8-01 Introduction To Probability Worksheet + Kahoot Companion (Extended),l1-cie0580-e8-01,https://payhip.com/25maths?src=kahoot_cie0580_l1&asset=e8-01,https://payhip.com/b/BYwEb,_data/kahoot_subtopic_links.json,links[sku=L1-CIE0580-E8-01].worksheet_payhip_url,yes,yes,Synced from _data/kahoot_subtopic_links.json on 2026-02-23. Verified live (HTTP 200) on 2026-02-23.
L1-CIE0580-E8-02,L1,cie0580,CIE 0580 E8-02 Relative And Expected Frequencies Worksheet + Kahoot Companion (Extended),l1-cie0580-e8-02,https://payhip.com/25maths?src=kahoot_cie0580_l1&asset=e8-02,https://payhip.com/b/MuGs7,_data/kahoot_subtopic_links.json,links[sku=L1-CIE0580-E8-02].worksheet_payhip_url,yes,yes,Synced from _data/kahoot_subtopic_links.json on 2026-02-23. Verified live (HTTP 200) on 2026-02-23.
L1-CIE0580-E8-03,L1,cie0580,CIE 0580 E8-03 Probability Of Combined Events Worksheet + Kahoot Companion (Extended),l1-cie0580-e8-03,https://payhip.com/25maths?src=kahoot_cie0580_l1&asset=e8-03,https://payhip.com/b/Y4Sk0,_data/kahoot_subtopic_links.json,links[sku=L1-CIE0580-E8-03].worksheet_payhip_url,yes,yes,Synced from _data/kahoot_subtopic_links.json on 2026-02-23. Verified live (HTTP 200) on 2026-02-23.
L1-CIE0580-E8-04,L1,cie0580,CIE 0580 E8-04 Conditional Probability Worksheet + Kahoot Companion (Extended),l1-cie0580-e8-04,https://payhip.com/25maths?src=kahoot_cie0580_l1&asset=e8-04,https://payhip.com/b/wMfp0,_data/kahoot_subtopic_links.json,links[sku=L1-CIE0580-E8-04].worksheet_payhip_url,yes,yes,Synced from _data/kahoot_subtopic_links.json on 2026-02-23. Verified live (HTTP 200) on 2026-02-23.
L1-CIE0580-E9-01,L1,cie0580,CIE 0580 E9-01 Classifying Statistical Data Worksheet + Kahoot Companion (Extended),l1-cie0580-e9-01,https://payhip.com/25maths?src=kahoot_cie0580_l1&asset=e9-01,https://payhip.com/b/tW9ey,_data/kahoot_subtopic_links.json,links[sku=L1-CIE0580-E9-01].worksheet_payhip_url,yes,yes,Synced from _data/kahoot_subtopic_links.json on 2026-02-23. Verified live (HTTP 200) on 2026-02-23.
L1-CIE0580-E9-02,L1,cie0580,CIE 0580 E9-02 Interpreting Statistical Data Worksheet + Kahoot Companion (Extended),l1-cie0580-e9-02,https://payhip.com/25maths?src=kahoot_cie0580_l1&asset=e9-02,https://payhip.com/b/tUVfc,_data/kahoot_subtopic_links.json,links[sku=L1-CIE0580-E9-02].worksheet_payhip_url,yes,yes,Synced from _data/kahoot_subtopic_links.json on 2026-02-23. Verified live (HTTP 200) on 2026-02-23.
L1-CIE0580-E9-03,L1,cie0580,CIE 0580 E9-03 Averages And Range Worksheet + Kahoot Companion (Extended),l1-cie0580-e9-03,https://payhip.com/25maths?src=kahoot_cie0580_l1&asset=e9-03,https://payhip.com/b/Z97Yn,_data/kahoot_subtopic_links.json,links[sku=L1-CIE0580-E9-03].worksheet_payhip_url,yes,yes,Synced from _data/kahoot_subtopic_links.json on 2026-02-23. Verified live (HTTP 200) on 2026-02-23.
L1-CIE0580-E9-04,L1,cie0580,CIE 0580 E9-04 Statistical Charts And Diagrams Worksheet + Kahoot Companion (Extended),l1-cie0580-e9-04,https://payhip.com/25maths?src=kahoot_cie0580_l1&asset=e9-04,https://payhip.com/b/EcVvs,_data/kahoot_subtopic_links.json,links[sku=L1-CIE0580-E9-04].worksheet_payhip_url,yes,yes,Synced from _data/kahoot_subtopic_links.json on 2026-02-23. Verified live (HTTP 200) on 2026-02-23.
L1-CIE0580-E9-05,L1,cie0580,CIE 0580 E9-05 Scatter Diagrams Worksheet + Kahoot Companion (Extended),l1-cie0580-e9-05,https://payhip.com/25maths?src=kahoot_cie0580_l1&asset=e9-05,https://payhip.com/b/x0j5B,_data/kahoot_subtopic_links.json,links[sku=L1-CIE0580-E9-05].worksheet_payhip_url,yes,yes,Synced from _data/kahoot_subtopic_links.json on 2026-02-23. Verified live (HTTP 200) on 2026-02-23.
L1-CIE0580-E9-06,L1,cie0580,CIE 0580 E9-06 Cumulative Frequency Diagrams Worksheet + Kahoot Companion (Extended),l1-cie0580-e9-06,https://payhip.com/25maths?src=kahoot_cie0580_l1&asset=e9-06,https://payhip.com/b/MrULA,_data/kahoot_subtopic_links.json,links[sku=L1-CIE0580-E9-06].worksheet_payhip_url,yes,yes,Synced from _data/kahoot_subtopic_links.json on 2026-02-23. Verified live (HTTP 200) on 2026-02-23.
L1-CIE0580-E9-07,L1,cie0580,CIE 0580 E9-07 Histograms Worksheet + Kahoot Companion (Extended),l1-cie0580-e9-07,https://payhip.com/25maths?src=kahoot_cie0580_l1&asset=e9-07,https://payhip.com/b/FMJcA,_data/kahoot_subtopic_links.json,links[sku=L1-CIE0580-E9-07].worksheet_payhip_url,yes,yes,Synced from _data/kahoot_subtopic_links.json on 2026-02-23. Verified live (HTTP 200) on 2026-02-23.
L1-EDX4MA1-F1-01,L1,edexcel-4ma1,Edexcel 4MA1 F1-01 Integers Worksheet + Kahoot Companion (Foundation),l1-edx4ma1-f1-01,https://payhip.com/25maths?src=kahoot_edexcel_l1&asset=f1-01,https://payhip.com/b/JDImL,_data/kahoot_subtopic_links.json,links[sku=L1-EDX4MA1-F1-01].worksheet_payhip_url,yes,yes,Synced from _data/kahoot_subtopic_links.json on 2026-02-23. Verified live (HTTP 200) on 2026-02-23.
L1-EDX4MA1-F1-02,L1,edexcel-4ma1,Edexcel 4MA1 F1-02 Fractions Worksheet + Kahoot Companion (Foundation),l1-edx4ma1-f1-02,https://payhip.com/25maths?src=kahoot_edexcel_l1&asset=f1-02,https://payhip.com/b/6zLpq,_data/kahoot_subtopic_links.json,links[sku=L1-EDX4MA1-F1-02].worksheet_payhip_url,yes,yes,Synced from _data/kahoot_subtopic_links.json on 2026-02-23. Verified live (HTTP 200) on 2026-02-23.
L1-EDX4MA1-F1-03,L1,edexcel-4ma1,Edexcel 4MA1 F1-03 Decimals Worksheet + Kahoot Companion (Foundation),l1-edx4ma1-f1-03,https://payhip.com/25maths?src=kahoot_edexcel_l1&asset=f1-03,https://payhip.com/b/4oGAl,_data/kahoot_subtopic_links.json,links[sku=L1-EDX4MA1-F1-03].worksheet_payhip_url,yes,yes,Synced from _data/kahoot_subtopic_links.json on 2026-02-23. Verified live (HTTP 200) on 2026-02-23.
L1-EDX4MA1-F1-04,L1,edexcel-4ma1,Edexcel 4MA1 F1-04 Powers And Roots Worksheet + Kahoot Companion (Foundation),l1-edx4ma1-f1-04,https://payhip.com/25maths?src=kahoot_edexcel_l1&asset=f1-04,https://payhip.com/b/491C6,_data/kahoot_subtopic_links.json,links[sku=L1-EDX4MA1-F1-04].worksheet_payhip_url,yes,yes,Synced from _data/kahoot_subtopic_links.json on 2026-02-23. Verified live (HTTP 200) on 2026-02-23.
L1-EDX4MA1-F1-05,L1,edexcel-4ma1,Edexcel 4MA1 F1-05 Set Language And Notation Worksheet + Kahoot Companion (Foundation),l1-edx4ma1-f1-05,https://payhip.com/25maths?src=kahoot_edexcel_l1&asset=f1-05,https://payhip.com/b/3IDxP,_data/kahoot_subtopic_links.json,links[sku=L1-EDX4MA1-F1-05].worksheet_payhip_url,yes,yes,Synced from _data/kahoot_subtopic_links.json on 2026-02-23. Verified live (HTTP 200) on 2026-02-23.
L1-EDX4MA1-F1-06,L1,edexcel-4ma1,Edexcel 4MA1 F1-06 Percentages Worksheet + Kahoot Companion (Foundation),l1-edx4ma1-f1-06,https://payhip.com/25maths?src=kahoot_edexcel_l1&asset=f1-06,https://payhip.com/b/7pWH4,_data/kahoot_subtopic_links.json,links[sku=L1-EDX4MA1-F1-06].worksheet_payhip_url,yes,yes,Synced from _data/kahoot_subtopic_links.json on 2026-02-23. Verified live (HTTP 200) on 2026-02-23.
L1-EDX4MA1-F1-07,L1,edexcel-4ma1,Edexcel 4MA1 F1-07 Ratio And Proportion Worksheet + Kahoot Companion (Foundation),l1-edx4ma1-f1-07,https://payhip.com/25maths?src=kahoot_edexcel_l1&asset=f1-07,https://payhip.com/b/eMO8z,_data/kahoot_subtopic_links.json,links[sku=L1-EDX4MA1-F1-07].worksheet_payhip_url,yes,yes,Synced from _data/kahoot_subtopic_links.json on 2026-02-23. Verified live (HTTP 200) on 2026-02-23.
L1-EDX4MA1-F1-08,L1,edexcel-4ma1,Edexcel 4MA1 F1-08 Degree Of Accuracy Worksheet + Kahoot Companion (Foundation),l1-edx4ma1-f1-08,https://payhip.com/25maths?src=kahoot_edexcel_l1&asset=f1-08,https://payhip.com/b/6Tzqj,_data/kahoot_subtopic_links.json,links[sku=L1-EDX4MA1-F1-08].worksheet_payhip_url,yes,yes,Synced from _data/kahoot_subtopic_links.json on 2026-02-23. Verified live (HTTP 200) on 2026-02-23.
L1-EDX4MA1-F1-09,L1,edexcel-4ma1,Edexcel 4MA1 F1-09 Standard Form Worksheet + Kahoot Companion (Foundation),l1-edx4ma1-f1-09,https://payhip.com/25maths?src=kahoot_edexcel_l1&asset=f1-09,https://payhip.com/b/cx6qR,_data/kahoot_subtopic_links.json,links[sku=L1-EDX4MA1-F1-09].worksheet_payhip_url,yes,yes,Synced from _data/kahoot_subtopic_links.json on 2026-02-23. Verified live (HTTP 200) on 2026-02-23.
L1-EDX4MA1-F1-10,L1,edexcel-4ma1,Edexcel 4MA1 F1-10 Applying Number Worksheet + Kahoot Companion (Foundation),l1-edx4ma1-f1-10,https://payhip.com/25maths?src=kahoot_edexcel_l1&asset=f1-10,https://payhip.com/b/34RQJ,_data/kahoot_subtopic_links.json,links[sku=L1-EDX4MA1-F1-10].worksheet_payhip_url,yes,yes,Synced from _data/kahoot_subtopic_links.json on 2026-02-23. Verified live (HTTP 200) on 2026-02-23.
L1-EDX4MA1-F1-11,L1,edexcel-4ma1,Edexcel 4MA1 F1-11 Electronic Calculators Worksheet + Kahoot Companion (Foundation),l1-edx4ma1-f1-11,https://payhip.com/25maths?src=kahoot_edexcel_l1&asset=f1-11,https://payhip.com/b/I9F4l,_data/kahoot_subtopic_links.json,links[sku=L1-EDX4MA1-F1-11].worksheet_payhip_url,yes,yes,Synced from _data/kahoot_subtopic_links.json on 2026-02-23. Verified live (HTTP 200) on 2026-02-23.
L1-EDX4MA1-F2-01,L1,edexcel-4ma1,Edexcel 4MA1 F2-01 Use Of Symbols Worksheet + Kahoot Companion (Foundation),l1-edx4ma1-f2-01,https://payhip.com/25maths?src=kahoot_edexcel_l1&asset=f2-01,https://payhip.com/b/u4Vk8,_data/kahoot_subtopic_links.json,links[sku=L1-EDX4MA1-F2-01].worksheet_payhip_url,yes,yes,Synced from _data/kahoot_subtopic_links.json on 2026-02-23. Verified live (HTTP 200) on 2026-02-23.
L1-EDX4MA1-F2-02,L1,edexcel-4ma1,Edexcel 4MA1 F2-02 Algebraic Manipulation Worksheet + Kahoot Companion (Foundation),l1-edx4ma1-f2-02,https://payhip.com/25maths?src=kahoot_edexcel_l1&asset=f2-02,https://payhip.com/b/A2ZD9,_data/kahoot_subtopic_links.json,links[sku=L1-EDX4MA1-F2-02].worksheet_payhip_url,yes,yes,Synced from _data/kahoot_subtopic_links.json on 2026-02-23. Verified live (HTTP 200) on 2026-02-23.
L1-EDX4MA1-F2-03,L1,edexcel-4ma1,Edexcel 4MA1 F2-03 Expressions And Formulae Worksheet + Kahoot Companion (Foundation),l1-edx4ma1-f2-03,https://payhip.com/25maths?src=kahoot_edexcel_l1&asset=f2-03,https://payhip.com/b/usy7o,_data/kahoot_subtopic_links.json,links[sku=L1-EDX4MA1-F2-03].worksheet_payhip_url,yes,yes,Synced from _data/kahoot_subtopic_links.json on 2026-02-23. Verified live (HTTP 200) on 2026-02-23.
L1-EDX4MA1-F2-04,L1,edexcel-4ma1,Edexcel 4MA1 F2-04 Linear Equations Worksheet + Kahoot Companion (Foundation),l1-edx4ma1-f2-04,https://payhip.com/25maths?src=kahoot_edexcel_l1&asset=f2-04,https://payhip.com/b/T9Zg4,_data/kahoot_subtopic_links.json,links[sku=L1-EDX4MA1-F2-04].worksheet_payhip_url,yes,yes,Synced from _data/kahoot_subtopic_links.json on 2026-02-23. Verified live (HTTP 200) on 2026-02-23.
L1-EDX4MA1-F2-05,L1,edexcel-4ma1,Edexcel 4MA1 F2-05 Proportion Worksheet + Kahoot Companion (Foundation),l1-edx4ma1-f2-05,https://payhip.com/25maths?src=kahoot_edexcel_l1&asset=f2-05,https://payhip.com/b/Edea8,_data/kahoot_subtopic_links.json,links[sku=L1-EDX4MA1-F2-05].worksheet_payhip_url,yes,yes,Synced from _data/kahoot_subtopic_links.json on 2026-02-23. Verified live (HTTP 200) on 2026-02-23.
L1-EDX4MA1-F2-06,L1,edexcel-4ma1,Edexcel 4MA1 F2-06 Simultaneous Linear Equations Worksheet + Kahoot Companion (Foundation),l1-edx4ma1-f2-06,https://payhip.com/25maths?src=kahoot_edexcel_l1&asset=f2-06,https://payhip.com/b/XHY12,_data/kahoot_subtopic_links.json,links[sku=L1-EDX4MA1-F2-06].worksheet_payhip_url,yes,yes,Synced from _data/kahoot_subtopic_links.json on 2026-02-23. Verified live (HTTP 200) on 2026-02-23.
L1-EDX4MA1-F2-07,L1,edexcel-4ma1,Edexcel 4MA1 F2-07 Quadratic Equations Worksheet + Kahoot Companion (Foundation),l1-edx4ma1-f2-07,https://payhip.com/25maths?src=kahoot_edexcel_l1&asset=f2-07,https://payhip.com/b/ikXRz,_data/kahoot_subtopic_links.json,links[sku=L1-EDX4MA1-F2-07].worksheet_payhip_url,yes,yes,Synced from _data/kahoot_subtopic_links.json on 2026-02-23. Verified live (HTTP 200) on 2026-02-23.
L1-EDX4MA1-F2-08,L1,edexcel-4ma1,Edexcel 4MA1 F2-08 Inequalities Worksheet + Kahoot Companion (Foundation),l1-edx4ma1-f2-08,https://payhip.com/25maths?src=kahoot_edexcel_l1&asset=f2-08,https://payhip.com/b/sQC1D,_data/kahoot_subtopic_links.json,links[sku=L1-EDX4MA1-F2-08].worksheet_payhip_url,yes,yes,Synced from _data/kahoot_subtopic_links.json on 2026-02-23. Verified live (HTTP 200) on 2026-02-23.
L1-EDX4MA1-F3-01,L1,edexcel-4ma1,Edexcel 4MA1 F3-01 Sequences Worksheet + Kahoot Companion (Foundation),l1-edx4ma1-f3-01,https://payhip.com/25maths?src=kahoot_edexcel_l1&asset=f3-01,https://payhip.com/b/0fyu5,_data/kahoot_subtopic_links.json,links[sku=L1-EDX4MA1-F3-01].worksheet_payhip_url,yes,yes,Synced from _data/kahoot_subtopic_links.json on 2026-02-23. Verified live (HTTP 200) on 2026-02-23.
L1-EDX4MA1-F3-02,L1,edexcel-4ma1,Edexcel 4MA1 F3-02 Function Notation Worksheet + Kahoot Companion (Foundation),l1-edx4ma1-f3-02,https://payhip.com/25maths?src=kahoot_edexcel_l1&asset=f3-02,https://payhip.com/b/pJe7b,_data/kahoot_subtopic_links.json,links[sku=L1-EDX4MA1-F3-02].worksheet_payhip_url,yes,yes,Synced from _data/kahoot_subtopic_links.json on 2026-02-23. Verified live (HTTP 200) on 2026-02-23.
L1-EDX4MA1-F3-03,L1,edexcel-4ma1,Edexcel 4MA1 F3-03 Graphs Worksheet + Kahoot Companion (Foundation),l1-edx4ma1-f3-03,https://payhip.com/25maths?src=kahoot_edexcel_l1&asset=f3-03,https://payhip.com/b/Yiw2M,_data/kahoot_subtopic_links.json,links[sku=L1-EDX4MA1-F3-03].worksheet_payhip_url,yes,yes,Synced from _data/kahoot_subtopic_links.json on 2026-02-23. Verified live (HTTP 200) on 2026-02-23.
L1-EDX4MA1-F3-04,L1,edexcel-4ma1,Edexcel 4MA1 F3-04 Calculus Worksheet + Kahoot Companion (Foundation),l1-edx4ma1-f3-04,https://payhip.com/25maths?src=kahoot_edexcel_l1&asset=f3-04,https://payhip.com/b/JUHhV,_data/kahoot_subtopic_links.json,links[sku=L1-EDX4MA1-F3-04].worksheet_payhip_url,yes,yes,Synced from _data/kahoot_subtopic_links.json on 2026-02-23. Verified live (HTTP 200) on 2026-02-23.
L1-EDX4MA1-F4-01,L1,edexcel-4ma1,Edexcel 4MA1 F4-01 Angles Lines And Triangles Worksheet + Kahoot Companion (Foundation),l1-edx4ma1-f4-01,https://payhip.com/25maths?src=kahoot_edexcel_l1&asset=f4-01,https://payhip.com/b/8g4aS,_data/kahoot_subtopic_links.json,links[sku=L1-EDX4MA1-F4-01].worksheet_payhip_url,yes,yes,Synced from _data/kahoot_subtopic_links.json on 2026-02-23. Verified live (HTTP 200) on 2026-02-23.
L1-EDX4MA1-F4-02,L1,edexcel-4ma1,Edexcel 4MA1 F4-02 Polygons Worksheet + Kahoot Companion (Foundation),l1-edx4ma1-f4-02,https://payhip.com/25maths?src=kahoot_edexcel_l1&asset=f4-02,https://payhip.com/b/AoDzh,_data/kahoot_subtopic_links.json,links[sku=L1-EDX4MA1-F4-02].worksheet_payhip_url,yes,yes,Synced from _data/kahoot_subtopic_links.json on 2026-02-23. Verified live (HTTP 200) on 2026-02-23.
L1-EDX4MA1-F4-03,L1,edexcel-4ma1,Edexcel 4MA1 F4-03 Symmetry Worksheet + Kahoot Companion (Foundation),l1-edx4ma1-f4-03,https://payhip.com/25maths?src=kahoot_edexcel_l1&asset=f4-03,https://payhip.com/b/NhPya,_data/kahoot_subtopic_links.json,links[sku=L1-EDX4MA1-F4-03].worksheet_payhip_url,yes,yes,Synced from _data/kahoot_subtopic_links.json on 2026-02-23. Verified live (HTTP 200) on 2026-02-23.
L1-EDX4MA1-F4-04,L1,edexcel-4ma1,Edexcel 4MA1 F4-04 Measures Worksheet + Kahoot Companion (Foundation),l1-edx4ma1-f4-04,https://payhip.com/25maths?src=kahoot_edexcel_l1&asset=f4-04,https://payhip.com/b/rYKsQ,_data/kahoot_subtopic_links.json,links[sku=L1-EDX4MA1-F4-04].worksheet_payhip_url,yes,yes,Synced from _data/kahoot_subtopic_links.json on 2026-02-23. Verified live (HTTP 200) on 2026-02-23.
L1-EDX4MA1-F4-05,L1,edexcel-4ma1,Edexcel 4MA1 F4-05 Construction Worksheet + Kahoot Companion (Foundation),l1-edx4ma1-f4-05,https://payhip.com/25maths?src=kahoot_edexcel_l1&asset=f4-05,https://payhip.com/b/Pyjvt,_data/kahoot_subtopic_links.json,links[sku=L1-EDX4MA1-F4-05].worksheet_payhip_url,yes,yes,Synced from _data/kahoot_subtopic_links.json on 2026-02-23. Verified live (HTTP 200) on 2026-02-23.
L1-EDX4MA1-F4-06,L1,edexcel-4ma1,Edexcel 4MA1 F4-06 Circle Properties Worksheet + Kahoot Companion (Foundation),l1-edx4ma1-f4-06,https://payhip.com/25maths?src=kahoot_edexcel_l1&asset=f4-06,https://payhip.com/b/CfojV,_data/kahoot_subtopic_links.json,links[sku=L1-EDX4MA1-F4-06].worksheet_payhip_url,yes,yes,Synced from _data/kahoot_subtopic_links.json on 2026-02-23. Verified live (HTTP 200) on 2026-02-23.
L1-EDX4MA1-F4-07,L1,edexcel-4ma1,Edexcel 4MA1 F4-07 Geometrical Reasoning Worksheet + Kahoot Companion (Foundation),l1-edx4ma1-f4-07,https://payhip.com/25maths?src=kahoot_edexcel_l1&asset=f4-07,https://payhip.com/b/cg9rW,_data/kahoot_subtopic_links.json,links[sku=L1-EDX4MA1-F4-07].worksheet_payhip_url,yes,yes,Synced from _data/kahoot_subtopic_links.json on 2026-02-23. Verified live (HTTP 200) on 2026-02-23.
L1-EDX4MA1-F4-08,L1,edexcel-4ma1,Edexcel 4MA1 F4-08 Trigonometry And Pythagoras Theorem Worksheet + Kahoot Companion (Foundation),l1-edx4ma1-f4-08,https://payhip.com/25maths?src=kahoot_edexcel_l1&asset=f4-08,https://payhip.com/b/Coyep,_data/kahoot_subtopic_links.json,links[sku=L1-EDX4MA1-F4-08].worksheet_payhip_url,yes,yes,Synced from _data/kahoot_subtopic_links.json on 2026-02-23. Verified live (HTTP 200) on 2026-02-23.
L1-EDX4MA1-F4-09,L1,edexcel-4ma1,Edexcel 4MA1 F4-09 Mensuration Of 2D Shapes Worksheet + Kahoot Companion (Foundation),l1-edx4ma1-f4-09,https://payhip.com/25maths?src=kahoot_edexcel_l1&asset=f4-09,https://payhip.com/b/nkiWm,_data/kahoot_subtopic_links.json,links[sku=L1-EDX4MA1-F4-09].worksheet_payhip_url,yes,yes,Synced from _data/kahoot_subtopic_links.json on 2026-02-23. Verified live (HTTP 200) on 2026-02-23.
L1-EDX4MA1-F4-10,L1,edexcel-4ma1,Edexcel 4MA1 F4-10 3D Shapes And Volume Worksheet + Kahoot Companion (Foundation),l1-edx4ma1-f4-10,https://payhip.com/25maths?src=kahoot_edexcel_l1&asset=f4-10,https://payhip.com/b/PIl4N,_data/kahoot_subtopic_links.json,links[sku=L1-EDX4MA1-F4-10].worksheet_payhip_url,yes,yes,Synced from _data/kahoot_subtopic_links.json on 2026-02-23. Verified live (HTTP 200) on 2026-02-23.
L1-EDX4MA1-F4-11,L1,edexcel-4ma1,Edexcel 4MA1 F4-11 Similarity Worksheet + Kahoot Companion (Foundation),l1-edx4ma1-f4-11,https://payhip.com/25maths?src=kahoot_edexcel_l1&asset=f4-11,https://payhip.com/b/R9MBw,_data/kahoot_subtopic_links.json,links[sku=L1-EDX4MA1-F4-11].worksheet_payhip_url,yes,yes,Synced from _data/kahoot_subtopic_links.json on 2026-02-23. Verified live (HTTP 200) on 2026-02-23.
L1-EDX4MA1-F5-01,L1,edexcel-4ma1,Edexcel 4MA1 F5-01 Vectors Worksheet + Kahoot Companion (Foundation),l1-edx4ma1-f5-01,https://payhip.com/25maths?src=kahoot_edexcel_l1&asset=f5-01,https://payhip.com/b/2LexV,_data/kahoot_subtopic_links.json,links[sku=L1-EDX4MA1-F5-01].worksheet_payhip_url,yes,yes,Synced from _data/kahoot_subtopic_links.json on 2026-02-23. Verified live (HTTP 200) on 2026-02-23.
L1-EDX4MA1-F5-02,L1,edexcel-4ma1,Edexcel 4MA1 F5-02 Transformation Geometry Worksheet + Kahoot Companion (Foundation),l1-edx4ma1-f5-02,https://payhip.com/25maths?src=kahoot_edexcel_l1&asset=f5-02,https://payhip.com/b/6lDUV,_data/kahoot_subtopic_links.json,links[sku=L1-EDX4MA1-F5-02].worksheet_payhip_url,yes,yes,Synced from _data/kahoot_subtopic_links.json on 2026-02-23. Verified live (HTTP 200) on 2026-02-23.
L1-EDX4MA1-F6-01,L1,edexcel-4ma1,Edexcel 4MA1 F6-01 Graphical Representation Of Data Worksheet + Kahoot Companion (Foundation),l1-edx4ma1-f6-01,https://payhip.com/25maths?src=kahoot_edexcel_l1&asset=f6-01,https://payhip.com/b/qUhCz,_data/kahoot_subtopic_links.json,links[sku=L1-EDX4MA1-F6-01].worksheet_payhip_url,yes,yes,Synced from _data/kahoot_subtopic_links.json on 2026-02-23. Verified live (HTTP 200) on 2026-02-23.
L1-EDX4MA1-F6-02,L1,edexcel-4ma1,Edexcel 4MA1 F6-02 Statistical Measures Worksheet + Kahoot Companion (Foundation),l1-edx4ma1-f6-02,https://payhip.com/25maths?src=kahoot_edexcel_l1&asset=f6-02,https://payhip.com/b/4Ko37,_data/kahoot_subtopic_links.json,links[sku=L1-EDX4MA1-F6-02].worksheet_payhip_url,yes,yes,Synced from _data/kahoot_subtopic_links.json on 2026-02-23. Verified live (HTTP 200) on 2026-02-23.
L1-EDX4MA1-F6-03,L1,edexcel-4ma1,Edexcel 4MA1 F6-03 Probability Worksheet + Kahoot Companion (Foundation),l1-edx4ma1-f6-03,https://payhip.com/25maths?src=kahoot_edexcel_l1&asset=f6-03,https://payhip.com/b/fuB57,_data/kahoot_subtopic_links.json,links[sku=L1-EDX4MA1-F6-03].worksheet_payhip_url,yes,yes,Synced from _data/kahoot_subtopic_links.json on 2026-02-23. Verified live (HTTP 200) on 2026-02-23.
L1-EDX4MA1-H1-01,L1,edexcel-4ma1,Edexcel 4MA1 H1-01 Integers Worksheet + Kahoot Companion (Higher),l1-edx4ma1-h1-01,https://payhip.com/25maths?src=kahoot_edexcel_l1&asset=h1-01,https://payhip.com/b/0BYj2,_data/kahoot_subtopic_links.json,links[sku=L1-EDX4MA1-H1-01].worksheet_payhip_url,yes,yes,Synced from _data/kahoot_subtopic_links.json on 2026-02-23. Verified live (HTTP 200) on 2026-02-23.
L1-EDX4MA1-H1-02,L1,edexcel-4ma1,Edexcel 4MA1 H1-02 Fractions Worksheet + Kahoot Companion (Higher),l1-edx4ma1-h1-02,https://payhip.com/25maths?src=kahoot_edexcel_l1&asset=h1-02,https://payhip.com/b/MVuwX,_data/kahoot_subtopic_links.json,links[sku=L1-EDX4MA1-H1-02].worksheet_payhip_url,yes,yes,Synced from _data/kahoot_subtopic_links.json on 2026-02-23. Verified live (HTTP 200) on 2026-02-23.
L1-EDX4MA1-H1-03,L1,edexcel-4ma1,Edexcel 4MA1 H1-03 Decimals Worksheet + Kahoot Companion (Higher),l1-edx4ma1-h1-03,https://payhip.com/25maths?src=kahoot_edexcel_l1&asset=h1-03,https://payhip.com/b/S6DTP,_data/kahoot_subtopic_links.json,links[sku=L1-EDX4MA1-H1-03].worksheet_payhip_url,yes,yes,Synced from _data/kahoot_subtopic_links.json on 2026-02-23. Verified live (HTTP 200) on 2026-02-23.
L1-EDX4MA1-H1-04,L1,edexcel-4ma1,Edexcel 4MA1 H1-04 Powers And Roots Worksheet + Kahoot Companion (Higher),l1-edx4ma1-h1-04,https://payhip.com/25maths?src=kahoot_edexcel_l1&asset=h1-04,https://payhip.com/b/i2NQY,_data/kahoot_subtopic_links.json,links[sku=L1-EDX4MA1-H1-04].worksheet_payhip_url,yes,yes,Synced from _data/kahoot_subtopic_links.json on 2026-02-23. Verified live (HTTP 200) on 2026-02-23.
L1-EDX4MA1-H1-05,L1,edexcel-4ma1,Edexcel 4MA1 H1-05 Set Language And Notation Worksheet + Kahoot Companion (Higher),l1-edx4ma1-h1-05,https://payhip.com/25maths?src=kahoot_edexcel_l1&asset=h1-05,https://payhip.com/b/9blZB,_data/kahoot_subtopic_links.json,links[sku=L1-EDX4MA1-H1-05].worksheet_payhip_url,yes,yes,Synced from _data/kahoot_subtopic_links.json on 2026-02-23. Verified live (HTTP 200) on 2026-02-23.
L1-EDX4MA1-H1-06,L1,edexcel-4ma1,Edexcel 4MA1 H1-06 Percentages Worksheet + Kahoot Companion (Higher),l1-edx4ma1-h1-06,https://payhip.com/25maths?src=kahoot_edexcel_l1&asset=h1-06,https://payhip.com/b/m9Nhr,_data/kahoot_subtopic_links.json,links[sku=L1-EDX4MA1-H1-06].worksheet_payhip_url,yes,yes,Synced from _data/kahoot_subtopic_links.json on 2026-02-23. Verified live (HTTP 200) on 2026-02-23.
L1-EDX4MA1-H1-07,L1,edexcel-4ma1,Edexcel 4MA1 H1-07 Ratio And Proportion Worksheet + Kahoot Companion (Higher),l1-edx4ma1-h1-07,https://payhip.com/25maths?src=kahoot_edexcel_l1&asset=h1-07,https://payhip.com/b/f2WUS,_data/kahoot_subtopic_links.json,links[sku=L1-EDX4MA1-H1-07].worksheet_payhip_url,yes,yes,Synced from _data/kahoot_subtopic_links.json on 2026-02-23. Verified live (HTTP 200) on 2026-02-23.
L1-EDX4MA1-H1-08,L1,edexcel-4ma1,Edexcel 4MA1 H1-08 Degree Of Accuracy Worksheet + Kahoot Companion (Higher),l1-edx4ma1-h1-08,https://payhip.com/25maths?src=kahoot_edexcel_l1&asset=h1-08,https://payhip.com/b/o2mKY,_data/kahoot_subtopic_links.json,links[sku=L1-EDX4MA1-H1-08].worksheet_payhip_url,yes,yes,Synced from _data/kahoot_subtopic_links.json on 2026-02-23. Verified live (HTTP 200) on 2026-02-23.
L1-EDX4MA1-H1-09,L1,edexcel-4ma1,Edexcel 4MA1 H1-09 Standard Form Worksheet + Kahoot Companion (Higher),l1-edx4ma1-h1-09,https://payhip.com/25maths?src=kahoot_edexcel_l1&asset=h1-09,https://payhip.com/b/TQzR1,_data/kahoot_subtopic_links.json,links[sku=L1-EDX4MA1-H1-09].worksheet_payhip_url,yes,yes,Synced from _data/kahoot_subtopic_links.json on 2026-02-23. Verified live (HTTP 200) on 2026-02-23.
L1-EDX4MA1-H1-10,L1,edexcel-4ma1,Edexcel 4MA1 H1-10 Applying Number Worksheet + Kahoot Companion (Higher),l1-edx4ma1-h1-10,https://payhip.com/25maths?src=kahoot_edexcel_l1&asset=h1-10,https://payhip.com/b/0arIn,_data/kahoot_subtopic_links.json,links[sku=L1-EDX4MA1-H1-10].worksheet_payhip_url,yes,yes,Synced from _data/kahoot_subtopic_links.json on 2026-02-23. Verified live (HTTP 200) on 2026-02-23.
L1-EDX4MA1-H1-11,L1,edexcel-4ma1,Edexcel 4MA1 H1-11 Electronic Calculators Worksheet + Kahoot Companion (Higher),l1-edx4ma1-h1-11,https://payhip.com/25maths?src=kahoot_edexcel_l1&asset=h1-11,https://payhip.com/b/kTpKN,_data/kahoot_subtopic_links.json,links[sku=L1-EDX4MA1-H1-11].worksheet_payhip_url,yes,yes,Synced from _data/kahoot_subtopic_links.json on 2026-02-23. Verified live (HTTP 200) on 2026-02-23.
L1-EDX4MA1-H2-01,L1,edexcel-4ma1,Edexcel 4MA1 H2-01 Use Of Symbols Worksheet + Kahoot Companion (Higher),l1-edx4ma1-h2-01,https://payhip.com/25maths?src=kahoot_edexcel_l1&asset=h2-01,https://payhip.com/b/ug2w0,_data/kahoot_subtopic_links.json,links[sku=L1-EDX4MA1-H2-01].worksheet_payhip_url,yes,yes,Synced from _data/kahoot_subtopic_links.json on 2026-02-23. Verified live (HTTP 200) on 2026-02-23.
L1-EDX4MA1-H2-02,L1,edexcel-4ma1,Edexcel 4MA1 H2-02 Algebraic Manipulation Worksheet + Kahoot Companion (Higher),l1-edx4ma1-h2-02,https://payhip.com/25maths?src=kahoot_edexcel_l1&asset=h2-02,https://payhip.com/b/mKJZO,_data/kahoot_subtopic_links.json,links[sku=L1-EDX4MA1-H2-02].worksheet_payhip_url,yes,yes,Synced from _data/kahoot_subtopic_links.json on 2026-02-23. Verified live (HTTP 200) on 2026-02-23.
L1-EDX4MA1-H2-03,L1,edexcel-4ma1,Edexcel 4MA1 H2-03 Expressions And Formulae Worksheet + Kahoot Companion (Higher),l1-edx4ma1-h2-03,https://payhip.com/25maths?src=kahoot_edexcel_l1&asset=h2-03,https://payhip.com/b/0Dv3x,_data/kahoot_subtopic_links.json,links[sku=L1-EDX4MA1-H2-03].worksheet_payhip_url,yes,yes,Synced from _data/kahoot_subtopic_links.json on 2026-02-23. Verified live (HTTP 200) on 2026-02-23.
L1-EDX4MA1-H2-04,L1,edexcel-4ma1,Edexcel 4MA1 H2-04 Linear Equations Worksheet + Kahoot Companion (Higher),l1-edx4ma1-h2-04,https://payhip.com/25maths?src=kahoot_edexcel_l1&asset=h2-04,https://payhip.com/b/fk9YR,_data/kahoot_subtopic_links.json,links[sku=L1-EDX4MA1-H2-04].worksheet_payhip_url,yes,yes,Synced from _data/kahoot_subtopic_links.json on 2026-02-23. Verified live (HTTP 200) on 2026-02-23.
L1-EDX4MA1-H2-05,L1,edexcel-4ma1,Edexcel 4MA1 H2-05 Proportion Worksheet + Kahoot Companion (Higher),l1-edx4ma1-h2-05,https://payhip.com/25maths?src=kahoot_edexcel_l1&asset=h2-05,https://payhip.com/b/3SCDV,_data/kahoot_subtopic_links.json,links[sku=L1-EDX4MA1-H2-05].worksheet_payhip_url,yes,yes,Synced from _data/kahoot_subtopic_links.json on 2026-02-23. Verified live (HTTP 200) on 2026-02-23.
L1-EDX4MA1-H2-06,L1,edexcel-4ma1,Edexcel 4MA1 H2-06 Simultaneous Linear Equations Worksheet + Kahoot Companion (Higher),l1-edx4ma1-h2-06,https://payhip.com/25maths?src=kahoot_edexcel_l1&asset=h2-06,https://payhip.com/b/uM0VX,_data/kahoot_subtopic_links.json,links[sku=L1-EDX4MA1-H2-06].worksheet_payhip_url,yes,yes,Synced from _data/kahoot_subtopic_links.json on 2026-02-23. Verified live (HTTP 200) on 2026-02-23.
L1-EDX4MA1-H2-07,L1,edexcel-4ma1,Edexcel 4MA1 H2-07 Quadratic Equations Worksheet + Kahoot Companion (Higher),l1-edx4ma1-h2-07,https://payhip.com/25maths?src=kahoot_edexcel_l1&asset=h2-07,https://payhip.com/b/K7gx0,_data/kahoot_subtopic_links.json,links[sku=L1-EDX4MA1-H2-07].worksheet_payhip_url,yes,yes,Synced from _data/kahoot_subtopic_links.json on 2026-02-23. Verified live (HTTP 200) on 2026-02-23.
L1-EDX4MA1-H2-08,L1,edexcel-4ma1,Edexcel 4MA1 H2-08 Inequalities Worksheet + Kahoot Companion (Higher),l1-edx4ma1-h2-08,https://payhip.com/25maths?src=kahoot_edexcel_l1&asset=h2-08,https://payhip.com/b/rRGtQ,_data/kahoot_subtopic_links.json,links[sku=L1-EDX4MA1-H2-08].worksheet_payhip_url,yes,yes,Synced from _data/kahoot_subtopic_links.json on 2026-02-23. Verified live (HTTP 200) on 2026-02-23.
L1-EDX4MA1-H3-01,L1,edexcel-4ma1,Edexcel 4MA1 H3-01 Sequences Worksheet + Kahoot Companion (Higher),l1-edx4ma1-h3-01,https://payhip.com/25maths?src=kahoot_edexcel_l1&asset=h3-01,https://payhip.com/b/M9G6x,_data/kahoot_subtopic_links.json,links[sku=L1-EDX4MA1-H3-01].worksheet_payhip_url,yes,yes,Synced from _data/kahoot_subtopic_links.json on 2026-02-23. Verified live (HTTP 200) on 2026-02-23.
L1-EDX4MA1-H3-02,L1,edexcel-4ma1,Edexcel 4MA1 H3-02 Function Notation Worksheet + Kahoot Companion (Higher),l1-edx4ma1-h3-02,https://payhip.com/25maths?src=kahoot_edexcel_l1&asset=h3-02,https://payhip.com/b/AUe3h,_data/kahoot_subtopic_links.json,links[sku=L1-EDX4MA1-H3-02].worksheet_payhip_url,yes,yes,Synced from _data/kahoot_subtopic_links.json on 2026-02-23. Verified live (HTTP 200) on 2026-02-23.
L1-EDX4MA1-H3-03,L1,edexcel-4ma1,Edexcel 4MA1 H3-03 Graphs Worksheet + Kahoot Companion (Higher),l1-edx4ma1-h3-03,https://payhip.com/25maths?src=kahoot_edexcel_l1&asset=h3-03,https://payhip.com/b/A63Kq,_data/kahoot_subtopic_links.json,links[sku=L1-EDX4MA1-H3-03].worksheet_payhip_url,yes,yes,Synced from _data/kahoot_subtopic_links.json on 2026-02-23. Verified live (HTTP 200) on 2026-02-23.
L1-EDX4MA1-H3-04,L1,edexcel-4ma1,Edexcel 4MA1 H3-04 Calculus Worksheet + Kahoot Companion (Higher),l1-edx4ma1-h3-04,https://payhip.com/25maths?src=kahoot_edexcel_l1&asset=h3-04,https://payhip.com/b/UYF0T,_data/kahoot_subtopic_links.json,links[sku=L1-EDX4MA1-H3-04].worksheet_payhip_url,yes,yes,Synced from _data/kahoot_subtopic_links.json on 2026-02-23. Verified live (HTTP 200) on 2026-02-23.
L1-EDX4MA1-H4-01,L1,edexcel-4ma1,Edexcel 4MA1 H4-01 Angles Lines And Triangles Worksheet + Kahoot Companion (Higher),l1-edx4ma1-h4-01,https://payhip.com/25maths?src=kahoot_edexcel_l1&asset=h4-01,https://payhip.com/b/8jFHn,_data/kahoot_subtopic_links.json,links[sku=L1-EDX4MA1-H4-01].worksheet_payhip_url,yes,yes,Synced from _data/kahoot_subtopic_links.json on 2026-02-23. Verified live (HTTP 200) on 2026-02-23.
L1-EDX4MA1-H4-02,L1,edexcel-4ma1,Edexcel 4MA1 H4-02 Polygons Worksheet + Kahoot Companion (Higher),l1-edx4ma1-h4-02,https://payhip.com/25maths?src=kahoot_edexcel_l1&asset=h4-02,https://payhip.com/b/u2AQw,_data/kahoot_subtopic_links.json,links[sku=L1-EDX4MA1-H4-02].worksheet_payhip_url,yes,yes,Synced from _data/kahoot_subtopic_links.json on 2026-02-23. Verified live (HTTP 200) on 2026-02-23.
L1-EDX4MA1-H4-03,L1,edexcel-4ma1,Edexcel 4MA1 H4-03 Symmetry Worksheet + Kahoot Companion (Higher),l1-edx4ma1-h4-03,https://payhip.com/25maths?src=kahoot_edexcel_l1&asset=h4-03,https://payhip.com/b/N1LSD,_data/kahoot_subtopic_links.json,links[sku=L1-EDX4MA1-H4-03].worksheet_payhip_url,yes,yes,Synced from _data/kahoot_subtopic_links.json on 2026-02-23. Verified live (HTTP 200) on 2026-02-23.
L1-EDX4MA1-H4-04,L1,edexcel-4ma1,Edexcel 4MA1 H4-04 Measures Worksheet + Kahoot Companion (Higher),l1-edx4ma1-h4-04,https://payhip.com/25maths?src=kahoot_edexcel_l1&asset=h4-04,https://payhip.com/b/bDgJ1,_data/kahoot_subtopic_links.json,links[sku=L1-EDX4MA1-H4-04].worksheet_payhip_url,yes,yes,Synced from _data/kahoot_subtopic_links.json on 2026-02-23. Verified live (HTTP 200) on 2026-02-23.
L1-EDX4MA1-H4-05,L1,edexcel-4ma1,Edexcel 4MA1 H4-05 Construction Worksheet + Kahoot Companion (Higher),l1-edx4ma1-h4-05,https://payhip.com/25maths?src=kahoot_edexcel_l1&asset=h4-05,https://payhip.com/b/WCA84,_data/kahoot_subtopic_links.json,links[sku=L1-EDX4MA1-H4-05].worksheet_payhip_url,yes,yes,Synced from _data/kahoot_subtopic_links.json on 2026-02-23. Verified live (HTTP 200) on 2026-02-23.
L1-EDX4MA1-H4-06,L1,edexcel-4ma1,Edexcel 4MA1 H4-06 Circle Properties Worksheet + Kahoot Companion (Higher),l1-edx4ma1-h4-06,https://payhip.com/25maths?src=kahoot_edexcel_l1&asset=h4-06,https://payhip.com/b/oPNbu,_data/kahoot_subtopic_links.json,links[sku=L1-EDX4MA1-H4-06].worksheet_payhip_url,yes,yes,Synced from _data/kahoot_subtopic_links.json on 2026-02-23. Verified live (HTTP 200) on 2026-02-23.
L1-EDX4MA1-H4-07,L1,edexcel-4ma1,Edexcel 4MA1 H4-07 Geometrical Reasoning Worksheet + Kahoot Companion (Higher),l1-edx4ma1-h4-07,https://payhip.com/25maths?src=kahoot_edexcel_l1&asset=h4-07,https://payhip.com/b/vGUgx,_data/kahoot_subtopic_links.json,links[sku=L1-EDX4MA1-H4-07].worksheet_payhip_url,yes,yes,Synced from _data/kahoot_subtopic_links.json on 2026-02-23. Verified live (HTTP 200) on 2026-02-23.
L1-EDX4MA1-H4-08,L1,edexcel-4ma1,Edexcel 4MA1 H4-08 Trigonometry And Pythagoras Theorem Worksheet + Kahoot Companion (Higher),l1-edx4ma1-h4-08,https://payhip.com/25maths?src=kahoot_edexcel_l1&asset=h4-08,https://payhip.com/b/Z6WpQ,_data/kahoot_subtopic_links.json,links[sku=L1-EDX4MA1-H4-08].worksheet_payhip_url,yes,yes,Synced from _data/kahoot_subtopic_links.json on 2026-02-23. Verified live (HTTP 200) on 2026-02-23.
L1-EDX4MA1-H4-09,L1,edexcel-4ma1,Edexcel 4MA1 H4-09 Mensuration Worksheet + Kahoot Companion (Higher),l1-edx4ma1-h4-09,https://payhip.com/25maths?src=kahoot_edexcel_l1&asset=h4-09,https://payhip.com/b/pvAVI,_data/kahoot_subtopic_links.json,links[sku=L1-EDX4MA1-H4-09].worksheet_payhip_url,yes,yes,Synced from _data/kahoot_subtopic_links.json on 2026-02-23. Verified live (HTTP 200) on 2026-02-23.
L1-EDX4MA1-H4-10,L1,edexcel-4ma1,Edexcel 4MA1 H4-10 3D Shapes And Volume Worksheet + Kahoot Companion (Higher),l1-edx4ma1-h4-10,https://payhip.com/25maths?src=kahoot_edexcel_l1&asset=h4-10,https://payhip.com/b/JmxAl,_data/kahoot_subtopic_links.json,links[sku=L1-EDX4MA1-H4-10].worksheet_payhip_url,yes,yes,Synced from _data/kahoot_subtopic_links.json on 2026-02-23. Verified live (HTTP 200) on 2026-02-23.
L1-EDX4MA1-H4-11,L1,edexcel-4ma1,Edexcel 4MA1 H4-11 Similarity Worksheet + Kahoot Companion (Higher),l1-edx4ma1-h4-11,https://payhip.com/25maths?src=kahoot_edexcel_l1&asset=h4-11,https://payhip.com/b/URFiS,_data/kahoot_subtopic_links.json,links[sku=L1-EDX4MA1-H4-11].worksheet_payhip_url,yes,yes,Synced from _data/kahoot_subtopic_links.json on 2026-02-23. Verified live (HTTP 200) on 2026-02-23.
L1-EDX4MA1-H5-01,L1,edexcel-4ma1,Edexcel 4MA1 H5-01 Vectors Worksheet + Kahoot Companion (Higher),l1-edx4ma1-h5-01,https://payhip.com/25maths?src=kahoot_edexcel_l1&asset=h5-01,https://payhip.com/b/AaxGd,_data/kahoot_subtopic_links.json,links[sku=L1-EDX4MA1-H5-01].worksheet_payhip_url,yes,yes,Synced from _data/kahoot_subtopic_links.json on 2026-02-23. Verified live (HTTP 200) on 2026-02-23.
L1-EDX4MA1-H5-02,L1,edexcel-4ma1,Edexcel 4MA1 H5-02 Transformation Geometry Worksheet + Kahoot Companion (Higher),l1-edx4ma1-h5-02,https://payhip.com/25maths?src=kahoot_edexcel_l1&asset=h5-02,https://payhip.com/b/B9Qvd,_data/kahoot_subtopic_links.json,links[sku=L1-EDX4MA1-H5-02].worksheet_payhip_url,yes,yes,Synced from _data/kahoot_subtopic_links.json on 2026-02-23. Verified live (HTTP 200) on 2026-02-23.
L1-EDX4MA1-H6-01,L1,edexcel-4ma1,Edexcel 4MA1 H6-01 Graphical Representation Of Data Worksheet + Kahoot Companion (Higher),l1-edx4ma1-h6-01,https://payhip.com/25maths?src=kahoot_edexcel_l1&asset=h6-01,https://payhip.com/b/w3J7L,_data/kahoot_subtopic_links.json,links[sku=L1-EDX4MA1-H6-01].worksheet_payhip_url,yes,yes,Synced from _data/kahoot_subtopic_links.json on 2026-02-23. Verified live (HTTP 200) on 2026-02-23.
L1-EDX4MA1-H6-02,L1,edexcel-4ma1,Edexcel 4MA1 H6-02 Statistical Measures Worksheet + Kahoot Companion (Higher),l1-edx4ma1-h6-02,https://payhip.com/25maths?src=kahoot_edexcel_l1&asset=h6-02,https://payhip.com/b/2TR0Z,_data/kahoot_subtopic_links.json,links[sku=L1-EDX4MA1-H6-02].worksheet_payhip_url,yes,yes,Synced from _data/kahoot_subtopic_links.json on 2026-02-23. Verified live (HTTP 200) on 2026-02-23.
L1-EDX4MA1-H6-03,L1,edexcel-4ma1,Edexcel 4MA1 H6-03 Probability Worksheet + Kahoot Companion (Higher),l1-edx4ma1-h6-03,https://payhip.com/25maths?src=kahoot_edexcel_l1&asset=h6-03,https://payhip.com/b/ElGRQ,_data/kahoot_subtopic_links.json,links[sku=L1-EDX4MA1-H6-03].worksheet_payhip_url,yes,yes,Synced from _data/kahoot_subtopic_links.json on 2026-02-23. Verified live (HTTP 200) on 2026-02-23.
